fecha,P_mm,ETP_mm,T_min_C,T_max_C,Q_m3s,Q_mm
2001-01-01,6.919,10.6,23.14,30.9,16.91,0.7711
2001-01-02,0.0,11.254,21.78,30.62,16.27,0.7419
2001-01-03,0.0,12.447,20.37,30.99,15.76,0.7186
2001-01-04,0.0,13.837,19.38,31.97,14.9,0.6794
2001-01-05,0.0,13.19,20.32,31.81,14.17,0.6461
2001-01-06,0.0,13.095,20.75,31.98,13.66,0.6229
2001-01-07,0.0,11.681,21.82,31.07,13.28,0.6055
2001-01-08,0.0,12.142,22.11,31.79,12.8,0.5837
2001-01-09,0.139,12.539,22.0,32.15,12.52,0.5709
2001-01-10,0.0,13.655,21.25,32.91,12.2,0.5563
2001-01-11,0.0,12.741,22.07,32.4,12.08,0.5508
2001-01-12,0.0,13.239,21.66,32.67,11.56,0.5271
2001-01-13,0.066,12.487,21.76,31.85,12.01,0.5476
2001-01-14,0.0,13.632,21.16,32.74,11.04,0.5034
2001-01-15,0.0,13.025,22.45,32.92,11.04,0.5034
2001-01-16,0.0,11.076,23.03,31.14,10.88,0.4961
2001-01-17,0.066,11.366,23.16,31.53,10.8,0.4925
2001-01-18,3.167,10.804,23.79,31.38,10.56,0.4815
2001-01-19,0.0,11.457,23.98,32.21,10.24,0.4669
2001-01-20,0.0,11.942,23.78,32.57,9.84,0.4487
2001-01-21,0.0,12.693,23.12,32.9,9.76,0.445
2001-01-22,0.0,12.82,22.45,32.53,9.68,0.4414
2001-01-23,0.0,13.403,22.52,33.21,9.6,0.4377
2001-01-24,0.0,13.631,22.4,33.35,9.52,0.4341
2001-01-25,0.0,12.329,23.15,32.42,9.36,0.4268
2001-01-26,0.0,12.345,23.02,32.32,9.2,0.4195
2001-01-27,0.0,13.245,22.54,32.94,9.04,0.4122
2001-01-28,0.0,14.367,22.73,34.3,8.88,0.4049
2001-01-29,0.0,13.203,24.0,33.9,8.72,0.3976
2001-01-30,0.861,13.606,22.22,33.05,8.64,0.394
2001-01-31,0.0,12.817,23.32,32.94,8.4,0.383
2001-02-01,0.0,12.939,23.73,33.34,8.32,0.3794
2001-02-02,0.0,12.497,24.23,33.21,8.32,0.3794
2001-02-03,0.0,14.268,22.62,33.94,8.16,0.3721
2001-02-04,0.0,13.038,23.07,32.89,8.0,0.3648
2001-02-05,0.0,8.955,25.52,30.59,7.98,0.3639
2001-02-06,2.71,11.995,23.84,32.29,7.96,0.363
2001-02-07,3.488,10.184,23.96,30.5,7.96,0.363
2001-02-08,0.261,10.805,23.84,31.02,7.96,0.363
2001-02-09,0.861,12.259,23.73,32.42,7.96,0.363
2001-02-10,0.0,12.156,25.07,33.3,7.96,0.363
2001-02-11,0.0,13.596,24.36,34.25,7.96,0.363
2001-02-12,0.0,12.71,24.86,33.67,7.96,0.363
2001-02-13,0.0,12.932,25.27,34.18,7.92,0.3611
2001-02-14,0.0,12.627,24.78,33.47,7.9,0.3602
2001-02-15,0.0,14.124,23.22,33.89,7.88,0.3593
2001-02-16,0.0,14.496,24.82,35.4,7.84,0.3575
2001-02-17,0.0,13.353,25.63,34.78,7.8,0.3557
2001-02-18,0.0,13.204,26.01,34.9,7.76,0.3538
2001-02-19,0.0,13.772,25.66,35.19,7.76,0.3538
2001-02-20,0.0,13.359,25.8,34.85,7.72,0.352
2001-02-21,0.0,11.891,25.46,33.11,7.64,0.3484
2001-02-22,0.0,12.949,25.09,33.87,7.6,0.3465
2001-02-23,0.0,13.658,24.64,34.24,7.6,0.3465
2001-02-24,0.0,13.632,25.03,34.48,7.58,0.3456
2001-02-25,0.0,11.629,26.27,33.42,7.56,0.3447
2001-02-26,0.0,11.601,25.66,32.9,7.54,0.3438
2001-02-27,0.0,11.939,25.87,33.37,7.5,0.342
2001-02-28,0.0,12.137,26.39,33.95,7.48,0.3411
2001-03-01,0.0,12.112,27.46,34.75,7.48,0.3411
2001-03-02,0.0,13.425,26.3,35.11,7.46,0.3402
2001-03-03,0.0,15.058,26.57,36.91,7.44,0.3393
2001-03-04,11.792,12.325,25.62,33.49,7.44,0.3393
2001-03-05,6.672,12.746,23.94,32.62,7.44,0.3393
2001-03-06,9.148,14.615,24.13,34.66,7.482,0.3412
2001-03-07,6.692,11.178,25.75,32.45,7.601,0.3466
2001-03-08,0.59,13.358,24.0,33.25,7.68,0.3502
2001-03-09,3.481,12.012,24.9,32.57,7.68,0.3502
2001-03-10,0.16,12.596,24.32,32.7,7.72,0.352
2001-03-11,0.0,14.202,24.55,34.47,7.7,0.3511
2001-03-12,0.0,13.87,23.36,33.26,7.64,0.3484
2001-03-13,0.0,15.608,23.44,35.1,7.58,0.3456
2001-03-14,0.0,15.975,24.09,35.93,7.5,0.342
2001-03-15,0.0,14.393,25.21,35.1,7.46,0.3402
2001-03-16,0.0,14.366,24.52,34.57,7.44,0.3393
2001-03-17,0.0,14.226,23.58,33.74,7.44,0.3393
2001-03-18,0.0,11.797,25.41,32.69,7.42,0.3383
2001-03-19,7.927,11.394,25.04,32.01,7.425,0.3386
2001-03-20,26.388,10.919,24.51,31.14,7.46,0.3402
2001-03-21,0.528,9.901,24.43,30.11,7.713,0.3517
2001-03-22,11.401,11.567,23.71,31.14,10.2,0.4651
2001-03-23,8.2,11.425,24.14,31.32,14.31,0.6525
2001-03-24,19.63,9.69,24.59,30.04,16.21,0.7392
2001-03-25,0.74,13.276,24.18,33.19,17.83,0.813
2001-03-26,0.297,12.805,24.34,32.84,17.74,0.8089
2001-03-27,0.0,12.514,24.07,32.34,15.6,0.7113
2001-03-28,3.62,11.258,24.72,31.61,13.56,0.6183
2001-03-29,9.277,10.538,23.68,30.11,12.25,0.5586
2001-03-30,8.128,11.896,24.52,32.08,11.11,0.5066
2001-03-31,2.047,12.353,23.69,31.9,11.41,0.5203
2001-04-01,0.098,11.853,23.91,31.58,12.88,0.5873
2001-04-02,0.0,12.064,24.51,32.25,13.12,0.5983
2001-04-03,0.0,12.408,24.82,32.82,12.75,0.5814
2001-04-04,0.381,10.937,24.13,30.86,11.35,0.5175
2001-04-05,8.38,9.564,23.94,29.42,10.27,0.4683
2001-04-06,0.0,9.938,24.76,30.43,10.02,0.4569
2001-04-07,11.361,8.199,24.49,28.66,10.11,0.461
2001-04-08,0.0,12.247,23.78,31.91,9.68,0.4414
2001-04-09,17.168,10.412,24.35,30.57,12.29,0.5604
2001-04-10,0.0,12.185,22.72,31.07,15.31,0.6981
2001-04-11,36.503,11.73,23.94,31.54,14.83,0.6762
2001-04-12,1.291,8.536,24.4,28.91,15.31,0.6981
2001-04-13,10.084,9.405,24.14,29.48,16.46,0.7506
2001-04-14,0.0,10.527,23.38,29.95,16.63,0.7583
2001-04-15,1.572,10.804,23.93,30.66,15.31,0.6981
2001-04-16,10.888,9.51,24.66,30.03,15.0,0.684
2001-04-17,0.0,8.871,24.16,29.04,15.26,0.6958
2001-04-18,18.996,10.617,24.35,30.84,15.52,0.7077
2001-04-19,20.614,9.844,23.98,29.81,29.69,1.3538
2001-04-20,0.0,13.318,24.61,33.73,48.55,2.2138
2001-04-21,0.0,12.797,24.16,32.89,61.08,2.7852
2001-04-22,0.0,12.54,23.67,32.28,57.34,2.6146
2001-04-23,0.0,12.261,23.42,31.82,45.08,2.0556
2001-04-24,0.0,12.377,24.89,33.06,31.44,1.4336
2001-04-25,0.0,8.988,24.38,29.4,23.93,1.0912
2001-04-26,8.849,8.378,24.39,28.86,17.17,0.7829
2001-04-27,0.0,10.529,24.43,30.92,15.28,0.6967
2001-04-28,20.25,9.83,24.21,30.08,25.14,1.1463
2001-04-29,18.85,10.233,24.39,30.62,43.28,1.9735
2001-04-30,44.733,10.148,24.16,30.38,71.85,3.2763
2001-05-01,5.999,9.393,23.73,29.31,96.62,4.4057
2001-05-02,5.342,10.687,24.05,30.84,99.51,4.5375
2001-05-03,37.168,8.296,23.98,28.51,92.49,4.2174
2001-05-04,22.348,10.912,23.44,30.62,71.08,3.2411
2001-05-05,0.0,11.195,23.68,31.11,57.34,2.6146
2001-05-06,3.29,11.338,24.36,31.79,49.2,2.2434
2001-05-07,30.019,10.151,24.54,30.77,45.42,2.0711
2001-05-08,22.739,8.748,23.94,28.95,60.42,2.7551
2001-05-09,7.068,9.793,24.2,30.17,95.53,4.356
2001-05-10,6.004,10.617,24.86,31.52,97.99,4.4682
2001-05-11,0.0,10.044,23.56,29.94,81.47,3.7149
2001-05-12,1.989,9.804,24.43,30.41,63.94,2.9156
2001-05-13,0.652,9.13,24.2,29.59,48.3,2.2024
2001-05-14,9.531,10.218,24.32,30.76,41.42,1.8887
2001-05-15,22.618,9.167,23.7,29.23,43.4,1.979
2001-05-16,0.0,11.349,23.16,31.05,50.3,2.2936
2001-05-17,10.255,11.584,23.46,31.54,57.12,2.6046
2001-05-18,6.533,9.597,24.25,30.14,45.78,2.0875
2001-05-19,31.3,8.057,23.88,28.36,40.7,1.8559
2001-05-20,16.037,8.081,24.01,28.51,57.56,2.6246
2001-05-21,0.653,8.835,24.17,29.36,93.65,4.2703
2001-05-22,3.759,11.257,23.39,31.22,119.2,5.4353
2001-05-23,14.679,12.11,24.18,32.73,127.5,5.8138
2001-05-24,5.304,11.032,23.82,31.35,126.4,5.7636
2001-05-25,0.127,9.044,24.67,30.02,120.0,5.4718
2001-05-26,17.476,10.684,23.68,30.89,124.3,5.6679
2001-05-27,3.497,10.666,24.21,31.3,117.8,5.3715
2001-05-28,13.44,7.855,22.88,27.42,104.1,4.7468
2001-05-29,12.555,9.149,23.86,29.5,83.5,3.8075
2001-05-30,0.552,7.847,23.57,28.0,85.53,3.9
2001-05-31,0.0,10.055,23.33,30.02,92.49,4.2174
2001-06-01,0.0,9.767,23.22,29.65,88.14,4.0191
2001-06-02,6.361,9.265,23.15,29.09,68.81,3.1376
2001-06-03,8.051,8.893,22.63,28.3,55.36,2.5243
2001-06-04,13.66,9.912,22.16,29.0,52.28,2.3839
2001-06-05,3.303,9.837,22.43,29.14,46.46,2.1185
2001-06-06,34.819,8.521,22.64,27.95,56.9,2.5946
2001-06-07,10.247,9.357,23.15,29.22,60.42,2.7551
2001-06-08,9.555,8.198,23.44,28.3,63.94,2.9156
2001-06-09,16.18,7.774,23.77,28.17,73.93,3.3711
2001-06-10,45.526,8.674,22.48,28.0,90.46,4.1248
2001-06-11,0.0,6.85,22.86,26.54,119.2,5.4353
2001-06-12,31.69,8.177,22.37,27.41,152.0,6.931
2001-06-13,0.0,10.909,22.52,30.42,203.5,9.2793
2001-06-14,0.0,7.548,22.46,26.88,224.8,10.2505
2001-06-15,24.587,9.247,22.58,28.7,223.8,10.2049
2001-06-16,0.0,10.276,22.94,30.07,215.4,9.8219
2001-06-17,50.917,10.251,22.27,29.53,200.4,9.1379
2001-06-18,31.914,9.734,23.18,29.69,179.2,8.1712
2001-06-19,28.024,7.551,23.1,27.43,152.0,6.931
2001-06-20,4.58,6.11,22.2,25.32,135.3,6.1695
2001-06-21,0.0,6.026,20.96,24.16,153.4,6.9948
2001-06-22,0.0,8.457,20.52,26.24,185.3,8.4494
2001-06-23,0.0,5.713,22.25,25.02,206.1,9.3978
2001-06-24,0.0,7.077,21.0,25.2,201.4,9.1835
2001-06-25,0.0,8.364,22.47,27.71,187.4,8.5452
2001-06-26,11.251,8.156,22.82,27.78,170.1,7.7563
2001-06-27,22.415,9.327,22.79,28.96,152.9,6.972
2001-06-28,0.0,8.716,22.86,28.38,143.2,6.5297
2001-06-29,0.0,9.863,22.56,29.34,144.6,6.5935
2001-06-30,22.739,8.382,22.8,27.99,148.5,6.7714
2001-07-01,0.0,10.461,22.28,29.76,169.2,7.7153
2001-07-02,36.968,7.828,23.27,27.82,178.2,8.1256
2001-07-03,0.0,9.929,23.7,30.29,184.8,8.4266
2001-07-04,31.536,8.039,23.21,27.97,186.8,8.5178
2001-07-05,2.572,7.954,23.51,28.14,187.4,8.5452
2001-07-06,11.184,6.108,22.41,25.48,181.1,8.2579
2001-07-07,0.0,9.013,22.58,28.43,177.1,8.0755
2001-07-08,1.845,8.313,22.31,27.49,171.8,7.8338
2001-07-09,9.529,8.852,22.34,28.06,157.3,7.1726
2001-07-10,53.364,8.829,23.04,28.59,146.8,6.6939
2001-07-11,9.278,10.133,22.9,29.83,196.1,8.9419
2001-07-12,7.671,7.62,23.52,27.79,253.4,11.5547
2001-07-13,16.321,8.362,22.34,27.53,266.6,12.1566
2001-07-14,7.095,9.74,22.77,29.28,264.8,12.0745
2001-07-15,5.38,8.035,22.16,27.04,257.0,11.7188
2001-07-16,11.02,9.293,22.73,28.77,236.0,10.7612
2001-07-17,0.0,8.67,22.0,27.54,215.4,9.8219
2001-07-18,7.228,9.797,23.18,29.63,193.1,8.8051
2001-07-19,0.0,8.619,23.39,28.59,163.5,7.4554
2001-07-20,0.23,7.99,22.36,27.12,134.6,6.1376
2001-07-21,3.504,10.033,22.26,29.12,107.4,4.8973
2001-07-22,0.0,8.619,22.32,27.7,83.21,3.7942
2001-07-23,0.0,10.247,22.23,29.31,76.25,3.4769
2001-07-24,0.0,10.882,21.48,29.41,73.93,3.3711
2001-07-25,3.454,11.914,22.02,30.93,68.47,3.1221
2001-07-26,14.938,8.897,22.27,27.9,59.98,2.735
2001-07-27,3.808,10.899,21.96,29.75,57.78,2.6347
2001-07-28,33.868,8.708,22.24,27.66,59.1,2.6949
2001-07-29,0.0,9.332,22.94,28.84,67.44,3.0752
2001-07-30,6.701,8.639,22.54,27.82,86.69,3.9529
2001-07-31,4.412,8.337,22.49,27.47,87.85,4.0058
2001-08-01,5.43,9.979,22.41,29.05,92.49,4.2174
2001-08-02,0.0,8.747,22.58,27.93,98.42,4.4878
2001-08-03,0.0,10.765,22.3,29.77,109.9,5.0113
2001-08-04,60.168,8.348,23.22,28.05,148.1,6.7531
2001-08-05,0.0,7.401,23.16,27.11,162.6,7.4143
2001-08-06,0.0,9.096,22.71,28.34,171.0,7.7973
2001-08-07,0.0,7.899,22.52,27.0,182.7,8.3308
2001-08-08,0.0,8.054,22.81,27.39,180.6,8.2351
2001-08-09,0.0,11.995,21.8,30.62,173.6,7.9159
2001-08-10,0.0,7.787,22.79,27.1,147.2,6.7121
2001-08-11,0.0,9.086,22.29,27.93,118.5,5.4034
2001-08-12,0.0,10.141,22.97,29.52,95.97,4.3761
2001-08-13,0.0,9.184,23.46,28.95,79.73,3.6356
2001-08-14,0.0,10.06,22.62,29.14,68.12,3.1062
2001-08-15,27.714,9.098,22.88,28.38,80.02,3.6488
2001-08-16,14.406,10.171,23.53,29.94,69.72,3.1791
2001-08-17,0.0,10.023,23.46,29.73,70.14,3.1983
2001-08-18,2.157,10.647,23.67,30.51,84.08,3.8339
2001-08-19,42.28,7.766,23.8,27.87,95.1,4.3364
2001-08-20,0.0,9.449,23.92,29.51,108.8,4.9611
2001-08-21,0.0,9.59,23.91,29.63,121.4,5.5357
2001-08-22,0.0,8.851,23.18,28.32,131.5,5.9962
2001-08-23,0.0,11.869,22.77,31.0,127.9,5.832
2001-08-24,24.436,9.946,23.23,29.4,121.4,5.5357
2001-08-25,1.114,10.824,22.98,30.07,108.4,4.9429
2001-08-26,33.254,11.033,22.44,29.87,97.13,4.429
2001-08-27,3.977,10.614,23.93,30.59,96.55,4.4025
2001-08-28,34.379,9.827,23.49,29.47,99.92,4.5562
2001-08-29,21.516,9.881,22.94,29.07,165.6,7.5511
2001-08-30,0.0,11.186,22.57,30.09,223.8,10.2049
2001-08-31,21.847,11.472,22.53,30.34,222.2,10.132
2001-09-01,2.014,9.643,23.54,29.3,220.1,10.0362
2001-09-02,0.0,10.364,23.25,29.77,214.9,9.7991
2001-09-03,14.473,11.107,22.41,29.86,211.8,9.6578
2001-09-04,29.989,10.271,23.26,29.67,212.3,9.6806
2001-09-05,12.901,8.868,22.85,27.98,205.6,9.375
2001-09-06,0.0,9.489,23.44,29.04,198.8,9.065
2001-09-07,0.0,12.405,21.86,30.76,191.5,8.7321
2001-09-08,13.582,10.563,23.21,29.9,190.5,8.6865
2001-09-09,10.666,12.257,22.44,31.03,190.0,8.6637
2001-09-10,3.353,10.176,24.05,30.18,183.7,8.3764
2001-09-11,9.197,10.833,22.7,29.76,170.5,7.7745
2001-09-12,17.27,10.803,23.3,30.2,145.9,6.6528
2001-09-13,9.898,9.72,23.64,29.41,118.2,5.3897
2001-09-14,18.395,8.38,22.98,27.62,121.4,5.5357
2001-09-15,0.0,11.481,23.06,30.68,145.0,6.6118
2001-09-16,9.685,12.499,22.72,31.47,152.0,6.931
2001-09-17,27.451,11.443,22.06,29.89,152.9,6.972
2001-09-18,62.325,9.492,22.8,28.52,222.2,10.132
2001-09-19,3.434,8.206,22.38,26.96,235.4,10.7339
2001-09-20,0.0,11.726,22.61,30.6,221.7,10.1092
2001-09-21,10.585,11.068,23.12,30.32,204.5,9.3249
2001-09-22,8.947,11.807,22.67,30.73,205.0,9.3477
2001-09-23,9.424,11.051,22.54,29.86,207.6,9.4662
2001-09-24,1.15,10.537,23.14,29.82,216.0,9.8493
2001-09-25,0.054,12.269,23.37,31.74,216.5,9.8721
2001-09-26,1.71,10.988,23.6,30.63,203.5,9.2793
2001-09-27,18.201,9.058,23.7,28.86,187.9,8.568
2001-09-28,7.823,10.577,23.32,30.02,160.8,7.3322
2001-09-29,5.716,10.796,22.97,29.98,130.4,5.946
2001-09-30,11.26,11.691,23.56,31.33,155.6,7.0951
2001-10-01,0.0,12.159,23.2,31.55,152.9,6.972
2001-10-02,12.859,9.671,23.79,29.54,134.6,6.1376
2001-10-03,0.0,9.885,24.51,30.34,117.1,5.3396
2001-10-04,0.477,8.802,23.25,28.3,105.9,4.8289
2001-10-05,23.307,10.248,23.86,30.18,84.95,3.8736
2001-10-06,19.352,9.861,23.11,29.22,72.48,3.305
2001-10-07,6.252,10.537,23.23,29.98,75.09,3.424
2001-10-08,0.0,12.673,24.12,32.84,96.54,4.4021
2001-10-09,0.0,11.718,24.76,32.37,107.4,4.8973
2001-10-10,9.013,10.206,24.33,30.56,107.0,4.879
2001-10-11,13.432,9.793,24.15,30.03,105.6,4.8152
2001-10-12,4.39,11.064,23.54,30.82,105.6,4.8152
2001-10-13,41.703,9.612,23.08,29.02,123.9,5.6497
2001-10-14,0.0,10.323,23.47,30.04,180.4,8.226
2001-10-15,2.266,11.075,23.5,30.84,189.4,8.6364
2001-10-16,2.195,10.723,24.37,31.17,185.8,8.4722
2001-10-17,0.124,12.388,23.82,32.46,179.0,8.1621
2001-10-18,45.303,10.604,23.62,30.5,178.0,8.1165
2001-10-19,0.0,11.417,23.85,31.52,181.6,8.2807
2001-10-20,0.0,12.013,24.43,32.59,186.8,8.5178
2001-10-21,4.769,11.21,24.64,31.94,188.4,8.5908
2001-10-22,9.604,10.901,25.17,32.07,185.8,8.4722
2001-10-23,2.654,11.008,23.68,31.04,170.5,7.7745
2001-10-24,7.557,9.157,23.61,29.14,157.3,7.1726
2001-10-25,1.943,11.132,23.63,31.16,151.2,6.8945
2001-10-26,7.742,11.363,24.09,31.77,132.3,6.0327
2001-10-27,6.941,10.491,23.94,30.78,114.2,5.2073
2001-10-28,1.599,10.647,24.93,31.72,101.6,4.6328
2001-10-29,9.501,10.909,25.07,32.11,93.07,4.2439
2001-10-30,1.948,9.4,24.57,30.24,86.11,3.9265
2001-10-31,37.291,10.248,23.67,30.39,87.85,4.0058
2001-11-01,0.0,10.084,23.54,30.13,95.97,4.3761
2001-11-02,10.528,8.963,24.23,29.58,112.0,5.107
2001-11-03,13.556,11.664,23.77,32.0,132.2,6.0281
2001-11-04,0.826,10.531,24.09,31.08,148.1,6.7531
2001-11-05,3.512,11.412,23.94,31.9,160.8,7.3322
2001-11-06,6.919,10.092,23.85,30.47,167.4,7.6332
2001-11-07,6.919,10.783,24.28,31.54,165.7,7.5557
2001-11-08,26.361,8.647,24.19,29.32,152.9,6.972
2001-11-09,6.919,8.924,24.1,29.54,138.4,6.3108
2001-11-10,8.395,9.944,23.49,30.1,141.5,6.4522
2001-11-11,0.797,9.976,24.54,30.98,149.4,6.8124
2001-11-12,3.226,11.141,24.05,31.83,149.4,6.8124
2001-11-13,6.618,9.352,24.15,30.06,138.8,6.3291
2001-11-14,3.779,10.559,23.43,30.77,120.7,5.5037
2001-11-15,0.094,11.07,24.54,32.18,96.55,4.4025
2001-11-16,3.107,11.284,24.61,32.48,84.95,3.8736
2001-11-17,0.0,10.311,24.64,31.5,64.6,2.9457
2001-11-18,6.664,10.724,24.38,31.75,59.1,2.6949
2001-11-19,8.282,9.452,24.46,30.5,59.1,2.6949
2001-11-20,0.0,11.794,23.65,32.39,55.36,2.5243
2001-11-21,6.926,10.068,24.0,30.8,51.18,2.3337
2001-11-22,17.603,10.513,23.72,31.08,61.3,2.7952
2001-11-23,0.0,10.354,24.34,31.4,71.03,3.2389
2001-11-24,0.0,10.823,24.8,32.27,70.72,3.2247
2001-11-25,0.0,9.711,24.68,31.02,61.08,2.7852
2001-11-26,0.0,11.431,24.61,32.81,52.28,2.3839
2001-11-27,32.903,10.099,24.2,31.07,46.28,2.1103
2001-11-28,8.916,9.595,24.31,30.64,71.15,3.2443
2001-11-29,0.0,10.403,24.47,31.63,85.82,3.9133
2001-11-30,0.0,10.692,24.36,31.87,85.53,3.9
2001-12-01,0.0,9.33,24.37,30.44,73.35,3.3446
2001-12-02,5.982,11.662,23.8,32.53,61.96,2.8253
2001-12-03,0.0,11.934,23.83,32.87,51.18,2.3337
2001-12-04,0.0,10.874,24.44,32.17,43.4,1.979
2001-12-05,0.0,11.494,23.6,32.23,39.26,1.7902
2001-12-06,26.261,8.681,22.98,28.7,37.64,1.7163
2001-12-07,16.632,8.623,23.84,29.33,58.44,2.6648
2001-12-08,4.961,10.339,23.25,30.71,68.97,3.1449
2001-12-09,0.18,8.702,23.6,29.23,67.6,3.0825
2001-12-10,0.699,8.511,23.76,29.16,57.56,2.6246
2001-12-11,1.141,9.757,23.87,30.57,52.28,2.3839
2001-12-12,0.328,9.579,24.09,30.57,47.66,2.1732
2001-12-13,0.0,9.486,24.36,30.68,45.56,2.0775
2001-12-14,0.499,10.069,23.92,30.96,39.8,1.8148
2001-12-15,19.257,9.059,24.5,30.35,34.58,1.5768
2001-12-16,20.53,9.54,23.85,30.34,37.1,1.6917
2001-12-17,2.431,9.407,24.0,30.32,64.08,2.922
2001-12-18,4.882,9.767,24.34,30.97,88.14,4.0191
2001-12-19,44.395,7.54,23.59,28.06,110.6,5.0432
2001-12-20,0.0,10.043,24.01,31.01,133.0,6.0646
2001-12-21,15.522,9.442,24.07,30.41,140.2,6.3929
2001-12-22,4.877,10.044,24.86,31.68,145.4,6.63
2001-12-23,0.0,10.109,24.66,31.58,143.2,6.5297
2001-12-24,0.0,8.628,24.98,30.3,131.4,5.9916
2001-12-25,8.509,8.757,23.84,29.5,93.36,4.2571
2001-12-26,13.881,8.879,23.51,29.36,94.23,4.2967
2001-12-27,1.362,10.467,23.67,31.19,85.82,3.9133
2001-12-28,16.563,9.917,23.85,30.72,93.65,4.2703
2001-12-29,7.272,9.622,24.93,31.25,105.6,4.8152
2001-12-30,0.0,11.681,23.67,32.52,114.2,5.2073
2001-12-31,0.145,11.724,23.4,32.36,114.9,5.2393
2002-01-01,0.0,12.317,22.01,32.02,114.6,5.2256
2002-01-02,0.0,12.064,21.7,31.49,113.8,5.1891
2002-01-03,0.0,12.205,22.6,32.29,79.0,3.6023
2002-01-04,0.0,13.061,21.44,32.44,49.2,2.2434
2002-01-05,0.0,12.595,22.45,32.6,42.5,1.9379
2002-01-06,0.0,10.69,23.98,31.58,32.6,1.4865
2002-01-07,0.0,10.942,23.78,31.7,29.72,1.3552
2002-01-08,0.0,12.337,23.44,32.98,28.35,1.2927
2002-01-09,0.0,12.808,21.79,32.32,27.31,1.2453
2002-01-10,0.0,13.491,21.31,32.76,25.75,1.1742
2002-01-11,0.0,13.425,21.07,32.5,23.67,1.0793
2002-01-12,0.0,10.542,22.66,30.34,22.63,1.0319
2002-01-13,0.0,11.878,22.08,31.39,21.2,0.9667
2002-01-14,0.0,11.856,23.59,32.45,20.29,0.9252
2002-01-15,0.0,11.127,24.4,32.25,19.77,0.9015
2002-01-16,0.0,10.785,24.4,31.86,19.12,0.8718
2002-01-17,0.0,12.098,23.04,32.26,18.47,0.8422
2002-01-18,0.0,12.291,23.22,32.58,17.82,0.8126
2002-01-19,0.0,12.562,22.23,32.15,16.91,0.7711
2002-01-20,0.0,10.421,24.57,31.54,15.92,0.7259
2002-01-21,0.703,11.458,24.12,32.28,15.44,0.704
2002-01-22,0.0,11.741,24.62,32.94,15.12,0.6894
2002-01-23,0.0,9.22,23.61,29.5,14.8,0.6749
2002-01-24,4.977,10.96,23.11,30.92,14.72,0.6712
2002-01-25,0.0,10.533,24.33,31.39,14.64,0.6676
2002-01-26,0.0,10.713,23.85,31.18,14.4,0.6566
2002-01-27,0.0,12.782,22.66,32.52,14.16,0.6457
2002-01-28,0.307,10.678,25.5,32.4,13.92,0.6347
2002-01-29,3.849,10.463,25.37,32.06,13.76,0.6274
2002-01-30,2.726,9.567,25.94,31.61,13.68,0.6238
2002-01-31,0.94,10.974,23.9,31.39,13.52,0.6165
2002-02-01,0.0,11.048,24.63,32.01,13.12,0.5983
2002-02-02,0.0,11.497,24.25,32.16,12.88,0.5873
2002-02-03,0.428,10.418,25.15,31.74,12.8,0.5837
2002-02-04,0.138,11.685,24.9,32.81,12.64,0.5764
2002-02-05,0.309,13.132,25.1,34.45,12.56,0.5727
2002-02-06,0.189,11.409,26.44,33.68,12.24,0.5581
2002-02-07,0.0,12.556,25.4,34.02,11.92,0.5435
2002-02-08,0.0,13.431,25.25,34.79,11.6,0.5289
2002-02-09,0.0,13.164,25.94,35.0,11.36,0.518
2002-02-10,0.0,13.204,25.27,34.53,11.2,0.5107
2002-02-11,0.0,12.825,24.98,33.9,10.96,0.4998
2002-02-12,0.0,14.625,24.78,35.6,10.72,0.4888
2002-02-13,2.815,15.308,23.56,35.44,10.48,0.4779
2002-02-14,0.0,14.974,24.54,35.75,10.16,0.4633
2002-02-15,0.0,14.158,24.63,34.93,9.92,0.4523
2002-02-16,0.0,13.319,25.43,34.62,9.76,0.445
2002-02-17,0.0,12.874,26.32,34.82,9.6,0.4377
2002-02-18,0.0,11.625,25.8,33.16,9.6,0.4377
2002-02-19,0.0,13.355,25.57,34.7,9.44,0.4304
2002-02-20,0.0,13.27,26.44,35.25,9.28,0.4232
2002-02-21,0.0,14.821,24.63,35.48,9.2,0.4195
2002-02-22,0.0,12.934,26.52,34.93,9.04,0.4122
2002-02-23,0.143,13.169,26.8,35.35,8.64,0.394
2002-02-24,0.0,13.555,26.34,35.38,8.48,0.3867
2002-02-25,0.084,13.768,25.75,35.13,8.48,0.3867
2002-02-26,0.224,11.132,26.12,32.81,8.48,0.3867
2002-02-27,1.353,12.651,26.07,34.23,8.32,0.3794
2002-02-28,0.0,14.06,25.73,35.35,8.32,0.3794
2002-03-01,0.0,14.068,26.53,35.93,8.16,0.3721
2002-03-02,0.052,12.046,27.8,34.94,8.16,0.3721
2002-03-03,0.417,13.184,26.07,34.69,8.08,0.3684
2002-03-04,0.0,14.019,25.07,34.76,8.0,0.3648
2002-03-05,0.0,15.85,24.46,36.18,7.98,0.3639
2002-03-06,0.0,15.589,24.78,36.12,7.94,0.3621
2002-03-07,0.0,13.89,26.77,35.84,7.9,0.3602
2002-03-08,0.0,14.322,26.0,35.68,7.86,0.3584
2002-03-09,0.0,16.673,25.48,37.67,7.84,0.3575
2002-03-10,0.0,15.751,25.05,36.41,7.84,0.3575
2002-03-11,7.046,11.121,26.74,33.15,7.84,0.3575
2002-03-12,15.967,10.753,24.78,31.24,7.84,0.3575
2002-03-13,2.536,9.218,25.38,30.3,7.88,0.3593
2002-03-14,6.977,10.895,25.23,31.71,7.98,0.3639
2002-03-15,7.066,9.819,24.26,29.93,8.32,0.3794
2002-03-16,8.383,11.572,24.5,31.77,9.28,0.4232
2002-03-17,3.013,10.38,24.61,30.72,9.6,0.4377
2002-03-18,0.152,11.14,25.09,31.81,9.68,0.4414
2002-03-19,0.0,11.604,24.97,32.16,9.36,0.4268
2002-03-20,12.445,10.602,25.34,31.5,8.88,0.4049
2002-03-21,13.123,8.055,24.82,28.8,8.88,0.4049
2002-03-22,7.725,7.884,23.94,27.9,8.77,0.3999
2002-03-23,0.328,11.917,24.78,32.3,14.21,0.648
2002-03-24,0.527,11.535,25.22,32.27,16.48,0.7515
2002-03-25,1.022,11.683,24.3,31.7,14.92,0.6803
2002-03-26,0.241,12.897,24.28,32.88,13.64,0.622
2002-03-27,0.0,14.124,24.36,34.17,12.1,0.5517
2002-03-28,2.47,11.258,25.49,32.22,11.24,0.5125
2002-03-29,39.105,11.825,24.17,31.74,10.53,0.4802
2002-03-30,43.4,11.567,24.13,31.46,18.15,0.8276
2002-03-31,0.0,11.458,24.6,31.72,37.35,1.7031
2002-04-01,6.967,10.975,24.59,31.25,43.27,1.973
2002-04-02,28.938,8.295,24.71,28.91,43.46,1.9817
2002-04-03,9.649,11.214,24.31,31.27,50.19,2.2886
2002-04-04,28.533,11.634,24.3,31.67,62.1,2.8317
2002-04-05,0.0,10.406,23.27,29.68,71.78,3.2731
2002-04-06,0.0,12.011,24.54,32.24,68.9,3.1417
2002-04-07,9.552,10.157,24.34,30.3,48.32,2.2033
2002-04-08,12.779,7.047,24.86,28.03,32.98,1.5038
2002-04-09,0.0,9.838,24.09,29.81,26.84,1.2239
2002-04-10,14.448,10.733,24.77,31.21,24.89,1.1349
2002-04-11,0.0,11.372,24.82,31.87,24.32,1.109
2002-04-12,0.0,10.078,25.04,30.83,22.68,1.0342
2002-04-13,0.0,11.991,24.5,32.24,19.35,0.8823
2002-04-14,0.0,11.635,24.86,32.18,16.62,0.7578
2002-04-15,15.41,9.922,24.42,30.2,15.37,0.7008
2002-04-16,8.249,10.243,24.65,30.7,14.79,0.6744
2002-04-17,23.998,7.016,24.98,28.14,15.8,0.7205
2002-04-18,32.513,10.114,24.37,30.37,43.87,2.0004
2002-04-19,3.068,12.236,23.84,32.06,59.81,2.7272
2002-04-20,3.178,9.645,24.3,29.89,58.74,2.6785
2002-04-21,0.0,10.574,24.13,30.65,50.85,2.3187
2002-04-22,21.842,10.723,24.18,30.85,42.39,1.9329
2002-04-23,16.77,9.983,24.46,30.37,39.0,1.7783
2002-04-24,9.374,6.849,24.6,27.73,36.74,1.6753
2002-04-25,35.715,6.409,23.8,26.67,43.97,2.005
2002-04-26,0.0,11.143,23.36,30.68,60.1,2.7405
2002-04-27,12.654,10.691,23.98,30.73,72.57,3.3091
2002-04-28,2.189,11.134,24.25,31.38,81.05,3.6958
2002-04-29,1.235,12.346,24.14,32.53,76.89,3.5061
2002-04-30,14.919,10.893,24.87,31.66,67.62,3.0834
2002-05-01,27.047,9.514,23.64,29.36,63.13,2.8786
2002-05-02,12.237,7.472,24.22,27.97,66.96,3.0533
2002-05-03,0.167,9.302,23.75,29.27,85.0,3.8759
2002-05-04,0.0,10.719,24.07,30.92,95.26,4.3437
2002-05-05,5.116,9.127,24.59,29.8,93.87,4.2803
2002-05-06,4.236,9.729,23.94,29.87,109.7,5.0022
2002-05-07,0.591,10.484,23.62,30.38,123.1,5.6132
2002-05-08,10.657,11.12,23.71,31.1,124.4,5.6725
2002-05-09,15.859,10.392,24.42,30.94,119.2,5.4353
2002-05-10,30.887,7.958,24.1,28.38,115.2,5.2529
2002-05-11,0.0,9.683,23.54,29.56,122.6,5.5904
2002-05-12,9.346,10.164,24.24,30.61,133.2,6.0737
2002-05-13,28.515,9.17,23.76,29.26,159.2,7.2593
2002-05-14,6.021,9.317,24.18,29.76,198.2,9.0376
2002-05-15,10.038,7.888,24.35,28.57,211.3,9.635
2002-05-16,25.702,8.419,24.52,29.21,205.0,9.3477
2002-05-17,18.217,9.576,24.65,30.43,203.0,9.2565
2002-05-18,3.192,7.645,24.59,28.59,203.0,9.2565
2002-05-19,0.329,11.221,24.18,31.74,201.2,9.1744
2002-05-20,0.0,12.18,24.06,32.66,195.4,8.9099
2002-05-21,33.812,7.222,24.03,27.75,182.7,8.3308
2002-05-22,0.0,8.152,24.57,29.07,171.8,7.8338
2002-05-23,53.499,7.086,23.4,27.1,258.8,11.8009
2002-05-24,2.063,10.487,23.94,30.87,254.6,11.6094
2002-05-25,1.372,10.94,23.63,31.11,222.7,10.1548
2002-05-26,7.587,9.53,23.73,29.75,218.6,9.9678
2002-05-27,6.01,9.253,24.6,30.18,223.8,10.2049
2002-05-28,26.761,8.722,24.0,29.18,227.9,10.3919
2002-05-29,15.335,10.654,23.99,31.14,217.5,9.9177
2002-05-30,0.169,10.482,23.62,30.69,211.8,9.6578
2002-05-31,28.351,7.57,23.5,27.69,208.2,9.4936
2002-06-01,0.482,10.686,23.67,30.96,198.8,9.065
2002-06-02,17.337,8.223,23.81,28.59,195.7,8.9236
2002-06-03,0.0,10.046,23.78,30.4,221.4,10.0955
2002-06-04,10.736,9.435,23.33,29.42,264.8,12.0745
2002-06-05,25.268,9.479,23.28,29.44,275.6,12.5669
2002-06-06,2.722,9.877,23.6,30.11,262.4,11.965
2002-06-07,2.6,9.904,23.41,29.99,254.6,11.6094
2002-06-08,2.455,10.871,23.6,31.17,240.8,10.9801
2002-06-09,7.31,9.271,22.95,28.99,225.3,10.2733
2002-06-10,29.469,8.871,23.82,29.28,214.4,9.7763
2002-06-11,2.63,9.468,23.26,29.44,201.4,9.1835
2002-06-12,8.558,10.666,22.93,30.46,196.7,8.9692
2002-06-13,16.799,7.606,23.48,27.78,194.1,8.8507
2002-06-14,5.315,10.527,23.49,30.75,192.0,8.7549
2002-06-15,13.947,7.269,23.05,27.1,186.3,8.495
2002-06-16,4.824,8.791,22.98,28.55,174.0,7.9341
2002-06-17,64.625,7.455,22.41,26.75,171.4,7.8156
2002-06-18,0.0,9.477,22.79,29.11,178.8,8.153
2002-06-19,0.0,8.722,23.11,28.59,194.1,8.8507
2002-06-20,0.0,7.99,23.32,28.03,191.0,8.7093
2002-06-21,4.173,6.209,23.21,26.29,176.9,8.0664
2002-06-22,0.0,6.023,22.68,25.66,157.8,7.1954
2002-06-23,0.0,5.892,22.09,25.03,158.6,7.2319
2002-06-24,0.0,8.685,22.03,27.69,165.7,7.5557
2002-06-25,0.0,9.006,21.66,27.73,175.8,8.0162
2002-06-26,0.0,6.877,22.16,25.99,175.4,7.998
2002-06-27,0.0,9.047,22.83,28.7,169.6,7.7335
2002-06-28,0.0,8.116,23.34,28.17,165.7,7.5557
2002-06-29,89.604,6.354,23.33,26.52,203.5,9.2793
2002-06-30,18.642,7.985,22.95,27.72,239.6,10.9254
2002-07-01,4.767,8.117,23.01,27.9,263.0,11.9924
2002-07-02,0.0,7.239,23.66,27.6,276.2,12.5943
2002-07-03,0.0,8.904,22.98,28.66,279.8,12.7585
2002-07-04,0.0,8.945,23.66,29.25,256.4,11.6915
2002-07-05,60.789,6.481,23.87,27.09,263.6,12.0198
2002-07-06,0.0,7.189,23.0,26.97,275.0,12.5396
2002-07-07,0.187,8.983,23.0,28.73,263.0,11.9924
2002-07-08,0.0,9.851,23.51,30.03,250.4,11.4179
2002-07-09,34.751,8.137,22.8,27.7,243.2,11.0896
2002-07-10,8.108,7.667,23.45,27.78,252.8,11.5273
2002-07-11,38.191,7.163,22.78,26.74,261.2,11.9103
2002-07-12,0.561,9.189,22.86,28.8,234.8,10.7065
2002-07-13,0.0,8.41,23.2,28.28,224.3,10.2277
2002-07-14,0.0,9.377,22.93,29.03,214.9,9.7991
2002-07-15,2.941,8.494,22.87,28.08,208.7,9.5164
2002-07-16,42.12,7.851,22.68,27.28,198.3,9.0422
2002-07-17,17.247,8.629,22.92,28.24,199.8,9.1106
2002-07-18,0.0,8.242,22.49,27.5,194.6,8.8735
2002-07-19,22.589,10.695,22.72,30.2,193.6,8.8279
2002-07-20,7.359,9.583,22.86,29.13,198.8,9.065
2002-07-21,21.166,8.108,23.47,28.15,222.2,10.132
2002-07-22,0.0,11.345,23.25,31.26,222.7,10.1548
2002-07-23,0.0,10.68,23.46,30.71,213.9,9.7535
2002-07-24,12.851,8.06,23.15,27.81,201.9,9.2063
2002-07-25,14.029,7.061,22.66,26.46,189.4,8.6364
2002-07-26,5.393,9.488,22.89,29.0,179.6,8.1895
2002-07-27,14.695,7.84,23.32,27.72,178.5,8.1393
2002-07-28,5.636,6.847,23.5,26.96,178.0,8.1165
2002-07-29,6.183,8.922,23.18,28.62,179.0,8.1621
2002-07-30,31.594,9.804,22.5,28.97,191.0,8.7093
2002-07-31,20.254,10.066,22.93,29.56,222.7,10.1548
2002-08-01,0.777,8.974,22.18,27.84,238.4,10.8707
2002-08-02,0.0,11.343,22.15,30.28,236.0,10.7612
2002-08-03,3.765,7.758,22.31,26.74,234.8,10.7065
2002-08-04,0.0,10.935,22.18,29.84,234.8,10.7065
2002-08-05,0.656,11.443,22.36,30.5,233.6,10.6518
2002-08-06,0.0,10.27,22.46,29.33,232.4,10.5971
2002-08-07,63.751,9.02,23.0,28.49,232.4,10.5971
2002-08-08,0.371,9.98,22.87,29.33,226.4,10.3235
2002-08-09,7.946,9.426,23.08,28.93,222.2,10.132
2002-08-10,0.0,9.265,22.52,28.31,218.6,9.9678
2002-08-11,0.0,9.485,23.04,28.93,223.2,10.1776
2002-08-12,0.0,9.952,23.6,29.83,229.0,10.4421
2002-08-13,1.159,7.673,23.35,27.44,225.8,10.2961
2002-08-14,1.956,8.559,23.17,28.1,222.2,10.132
2002-08-15,47.552,7.718,23.38,27.51,216.5,9.8721
2002-08-16,1.462,10.205,23.07,29.62,204.0,9.3021
2002-08-17,2.516,9.525,23.21,29.04,201.9,9.2063
2002-08-18,30.717,10.643,22.56,29.64,237.8,10.8433
2002-08-19,17.067,9.844,22.48,28.76,233.0,10.6244
2002-08-20,20.73,9.865,23.26,29.39,230.2,10.4968
2002-08-21,0.0,9.508,23.17,28.96,212.8,9.7034
2002-08-22,40.851,8.54,23.05,27.93,213.4,9.7307
2002-08-23,0.91,9.58,22.88,28.77,220.6,10.059
2002-08-24,0.0,10.347,22.82,29.48,207.1,9.4434
2002-08-25,0.0,10.486,23.52,30.16,193.6,8.8279
2002-08-26,5.051,8.792,23.45,28.46,183.7,8.3764
2002-08-27,0.0,10.33,23.4,29.89,159.5,7.273
2002-08-28,1.793,11.789,22.97,31.02,125.6,5.7272
2002-08-29,0.098,11.47,24.13,31.57,103.8,4.7331
2002-08-30,26.05,9.69,23.35,29.2,87.27,3.9794
2002-08-31,0.0,11.654,23.67,31.39,82.92,3.781
2002-09-01,42.981,8.272,23.52,28.0,88.14,4.0191
2002-09-02,12.441,9.136,22.99,28.36,200.9,9.1607
2002-09-03,0.0,11.183,22.92,30.32,185.3,8.4494
2002-09-04,0.0,11.93,23.52,31.53,175.4,7.998
2002-09-05,15.007,10.616,22.78,29.63,169.6,7.7335
2002-09-06,16.782,11.953,22.91,31.07,164.8,7.5146
2002-09-07,12.539,11.061,23.56,30.67,167.4,7.6332
2002-09-08,1.666,11.519,23.1,30.77,170.1,7.7563
2002-09-09,2.654,8.944,22.8,28.0,170.1,7.7563
2002-09-10,1.384,9.27,22.87,28.36,169.6,7.7335
2002-09-11,6.733,11.048,22.97,30.18,159.1,7.2547
2002-09-12,0.342,11.942,22.93,31.06,145.9,6.6528
2002-09-13,12.011,10.669,23.19,29.98,136.8,6.2379
2002-09-14,0.0,9.968,24.01,29.94,117.1,5.3396
2002-09-15,16.531,10.831,23.76,30.58,89.59,4.0852
2002-09-16,11.12,10.88,23.6,30.5,84.66,3.8604
2002-09-17,42.485,11.238,22.54,30.05,95.16,4.3392
2002-09-18,5.917,9.866,22.57,28.69,126.4,5.7636
2002-09-19,0.164,12.276,23.15,31.56,128.6,5.864
2002-09-20,5.338,11.458,23.53,31.02,130.0,5.9278
2002-09-21,0.0,12.573,23.5,32.13,124.3,5.6679
2002-09-22,0.0,12.443,23.75,32.19,120.0,5.4718
2002-09-23,1.865,11.511,24.41,31.76,119.2,5.4353
2002-09-24,0.228,12.415,23.72,32.15,124.3,5.6679
2002-09-25,19.461,8.971,23.19,28.35,108.8,4.9611
2002-09-26,21.591,9.332,23.31,28.79,108.1,4.9292
2002-09-27,3.084,11.669,23.86,31.52,107.0,4.879
2002-09-28,12.022,10.503,23.5,30.09,103.0,4.6966
2002-09-29,0.0,11.052,23.79,30.86,93.36,4.2571
2002-09-30,0.0,11.609,22.8,30.68,102.7,4.683
2002-10-01,0.0,11.261,23.67,31.0,107.0,4.879
2002-10-02,20.427,12.176,23.04,31.46,95.09,4.336
2002-10-03,1.572,10.487,23.57,30.16,72.18,3.2913
2002-10-04,0.0,11.922,23.6,31.64,63.94,2.9156
2002-10-05,0.0,11.865,23.57,31.57,69.0,3.1463
2002-10-06,15.911,8.383,24.02,28.56,69.0,3.1463
2002-10-07,0.0,11.854,23.5,31.53,76.25,3.4769
2002-10-08,1.717,11.296,23.68,31.1,82.05,3.7414
2002-10-09,19.316,9.6,24.9,30.43,84.66,3.8604
2002-10-10,4.128,10.099,23.14,29.52,78.86,3.5959
2002-10-11,11.017,8.653,23.93,28.77,74.22,3.3843
2002-10-12,0.0,10.376,23.61,30.18,71.03,3.2389
2002-10-13,1.641,12.176,23.51,31.94,71.32,3.2521
2002-10-14,6.056,12.122,23.61,31.98,76.25,3.4769
2002-10-15,18.093,8.563,24.25,28.99,79.44,3.6223
2002-10-16,0.0,11.481,23.39,31.18,80.31,3.662
2002-10-17,5.886,10.453,23.49,30.23,87.56,3.9926
2002-10-18,4.731,10.512,23.72,30.49,88.72,4.0455
2002-10-19,0.0,10.515,23.99,30.71,78.86,3.5959
2002-10-20,16.237,10.816,23.07,30.32,68.4,3.1189
2002-10-21,6.681,10.159,24.05,30.43,56.9,2.5946
2002-10-22,4.826,7.522,23.85,27.78,55.8,2.5444
2002-10-23,3.642,9.328,23.41,29.14,54.7,2.4942
2002-10-24,0.224,11.012,24.02,31.32,53.6,2.4441
2002-10-25,0.0,11.448,23.5,31.39,51.62,2.3538
2002-10-26,1.283,11.631,24.36,32.25,49.86,2.2735
2002-10-27,14.198,11.04,23.61,31.09,49.2,2.2434
2002-10-28,13.521,10.757,23.91,31.05,48.1,2.1933
2002-10-29,3.071,9.265,24.33,29.9,48.76,2.2234
2002-10-30,4.685,10.545,24.53,31.34,51.18,2.3337
2002-10-31,14.429,8.766,23.62,28.86,51.84,2.3638
2002-11-01,2.21,10.505,23.75,30.73,61.08,2.7852
2002-11-02,12.493,8.853,24.22,29.46,77.99,3.5562
2002-11-03,0.0,10.446,24.14,31.01,69.94,3.1892
2002-11-04,0.0,11.236,24.58,32.18,59.98,2.735
2002-11-05,0.861,11.223,23.88,31.65,48.98,2.2334
2002-11-06,17.461,9.069,23.63,29.26,45.02,2.0528
2002-11-07,17.287,8.472,23.48,28.56,53.6,2.4441
2002-11-08,0.216,8.77,23.54,28.91,60.2,2.745
2002-11-09,0.148,10.277,23.78,30.66,56.68,2.5845
2002-11-10,0.0,9.968,23.56,30.18,50.3,2.2936
2002-11-11,11.331,8.974,24.04,29.57,43.04,1.9626
2002-11-12,0.607,11.255,23.77,31.74,39.8,1.8148
2002-11-13,12.237,8.753,22.98,28.52,38.9,1.7738
2002-11-14,8.696,5.724,23.68,26.3,47.2,2.1522
2002-11-15,0.285,11.354,23.05,31.36,51.18,2.3337
2002-11-16,11.709,9.912,23.35,30.06,46.58,2.124
2002-11-17,0.174,10.41,23.71,30.88,41.6,1.8969
2002-11-18,0.0,9.493,23.57,29.82,44.66,2.0364
2002-11-19,0.0,10.357,23.06,30.36,43.76,1.9954
2002-11-20,0.0,10.824,23.9,31.52,42.32,1.9297
2002-11-21,0.0,9.628,23.84,30.22,41.78,1.9051
2002-11-22,0.0,10.253,24.42,31.34,37.28,1.6999
2002-11-23,10.315,10.151,23.78,30.75,34.04,1.5522
2002-11-24,17.545,9.653,24.36,30.69,34.04,1.5522
2002-11-25,0.0,9.46,24.45,30.58,40.52,1.8477
2002-11-26,0.0,9.009,24.82,30.43,46.28,2.1103
2002-11-27,0.0,9.173,24.59,30.41,44.84,2.0446
2002-11-28,0.0,9.37,24.28,30.39,39.08,1.782
2002-11-29,0.0,10.042,24.73,31.46,36.56,1.6671
2002-11-30,0.279,10.686,24.62,32.07,31.88,1.4537
2002-12-01,0.91,7.522,25.1,29.25,27.7,1.2631
2002-12-02,0.0,9.47,24.18,30.45,25.49,1.1623
2002-12-03,0.0,10.12,24.7,31.56,24.32,1.109
2002-12-04,5.275,11.034,22.63,30.98,23.02,1.0497
2002-12-05,0.0,11.176,22.86,31.32,22.37,1.02
2002-12-06,0.0,10.806,22.94,30.98,21.72,0.9904
2002-12-07,0.0,9.411,24.42,30.62,20.81,0.9489
2002-12-08,0.0,10.301,24.17,31.38,19.77,0.9015
2002-12-09,0.036,10.981,23.73,31.79,18.34,0.8363
2002-12-10,0.0,12.449,22.19,32.34,17.56,0.8007
2002-12-11,0.0,11.736,22.85,32.0,17.17,0.7829
2002-12-12,0.0,11.498,23.23,32.02,16.65,0.7592
2002-12-13,0.0,11.616,22.9,31.91,16.78,0.7651
2002-12-14,0.0,10.531,23.45,31.11,16.65,0.7592
2002-12-15,0.093,10.322,24.15,31.42,15.68,0.715
2002-12-16,0.0,11.635,24.79,33.34,15.36,0.7004
2002-12-17,12.056,10.282,24.44,31.6,14.72,0.6712
2002-12-18,33.939,7.702,23.76,28.37,15.76,0.7186
2002-12-19,0.0,11.275,23.43,31.93,16.39,0.7474
2002-12-20,0.0,10.726,24.66,32.25,18.34,0.8363
2002-12-21,0.0,10.913,24.22,32.12,19.12,0.8718
2002-12-22,0.0,12.065,23.46,32.84,18.21,0.8303
2002-12-23,0.0,10.432,24.43,31.75,17.69,0.8066
2002-12-24,0.0,9.15,25.14,30.96,16.1,0.7341
2002-12-25,0.0,11.794,23.97,32.9,14.4,0.6566
2002-12-26,0.0,12.428,24.22,33.78,14.0,0.6384
2002-12-27,0.0,12.159,23.64,33.06,13.76,0.6274
2002-12-28,0.0,11.848,23.6,32.67,13.52,0.6165
2002-12-29,0.0,12.183,24.11,33.41,13.2,0.6019
2002-12-30,0.0,12.444,23.85,33.51,13.2,0.6019
2002-12-31,0.0,12.881,23.25,33.56,13.68,0.6238
2003-01-01,0.0,12.758,24.23,34.11,14.08,0.642
2003-01-02,4.449,11.195,24.35,32.46,12.72,0.58
2003-01-03,1.001,12.144,24.16,33.36,12.4,0.5654
2003-01-04,0.0,13.373,23.99,34.6,12.08,0.5508
2003-01-05,0.0,12.078,24.79,33.72,11.6,0.5289
2003-01-06,0.0,12.256,24.8,33.91,11.28,0.5144
2003-01-07,0.0,12.318,23.83,33.25,11.2,0.5107
2003-01-08,0.0,11.985,25.34,33.99,11.04,0.5034
2003-01-09,0.0,12.372,25.01,34.15,10.8,0.4925
2003-01-10,4.56,11.999,24.4,33.27,10.72,0.4888
2003-01-11,0.0,11.159,24.19,32.19,10.56,0.4815
2003-01-12,0.404,12.883,24.24,34.1,10.48,0.4779
2003-01-13,0.0,12.919,24.2,34.09,10.16,0.4633
2003-01-14,0.0,13.64,23.73,34.54,9.92,0.4523
2003-01-15,0.0,12.841,24.8,34.41,9.84,0.4487
2003-01-16,0.0,13.723,24.26,34.97,9.52,0.4341
2003-01-17,0.0,13.766,24.16,34.92,9.36,0.4268
2003-01-18,0.0,13.973,23.91,34.94,9.2,0.4195
2003-01-19,0.0,13.334,25.95,35.7,9.04,0.4122
2003-01-20,0.0,12.388,25.94,34.66,8.88,0.4049
2003-01-21,0.0,12.216,25.91,34.43,8.8,0.4013
2003-01-22,0.0,14.483,23.29,34.99,8.72,0.3976
2003-01-23,0.0,14.666,23.62,35.39,8.64,0.394
2003-01-24,0.0,15.574,23.9,36.56,8.48,0.3867
2003-01-25,0.0,13.494,24.78,34.88,8.4,0.383
2003-01-26,0.0,11.645,24.62,32.75,8.32,0.3794
2003-01-27,0.599,13.656,24.0,34.44,8.16,0.3721
2003-01-28,0.0,14.521,24.07,35.41,8.16,0.3721
2003-01-29,0.0,13.685,24.34,34.66,8.16,0.3721
2003-01-30,0.0,13.235,25.38,34.91,8.16,0.3721
2003-01-31,0.0,12.868,25.42,34.53,8.0,0.3648
2003-02-01,0.0,14.632,24.61,35.8,8.0,0.3648
2003-02-02,0.0,13.001,25.4,34.6,8.0,0.3648
2003-02-03,0.0,12.591,25.13,33.96,8.0,0.3648
2003-02-04,0.0,10.009,25.79,31.83,7.96,0.363
2003-02-05,0.0,9.992,25.49,31.56,7.96,0.363
2003-02-06,0.0,12.823,24.14,33.39,7.96,0.363
2003-02-07,0.206,11.312,25.23,32.62,7.96,0.363
2003-02-08,0.0,12.527,25.3,33.9,7.96,0.363
2003-02-09,0.0,12.411,22.86,31.94,7.92,0.3611
2003-02-10,3.415,12.142,23.53,32.12,7.9,0.3602
2003-02-11,0.0,11.466,24.71,32.3,7.86,0.3584
2003-02-12,0.0,13.335,24.16,33.8,7.82,0.3566
2003-02-13,0.087,13.855,24.8,34.79,7.78,0.3548
2003-02-14,0.0,14.674,25.57,36.17,7.72,0.352
2003-02-15,0.0,11.4,26.53,33.57,7.72,0.352
2003-02-16,0.0,13.918,23.73,34.01,7.72,0.352
2003-02-17,0.0,15.343,24.48,36.02,7.72,0.352
2003-02-18,0.0,13.99,25.46,35.29,7.7,0.3511
2003-02-19,0.0,13.261,26.78,35.52,7.66,0.3493
2003-02-20,0.0,12.934,26.58,35.01,7.64,0.3484
2003-02-21,0.0,12.938,25.87,34.47,7.64,0.3484
2003-02-22,0.0,11.512,27.18,34.07,7.64,0.3484
2003-02-23,8.261,10.285,24.56,30.8,7.64,0.3484
2003-02-24,2.306,10.787,24.4,31.15,7.9,0.3602
2003-02-25,0.182,11.62,23.91,31.58,7.92,0.3611
2003-02-26,0.0,12.125,23.46,31.74,7.92,0.3611
2003-02-27,0.0,13.816,24.04,33.89,7.88,0.3593
2003-02-28,0.0,13.375,24.51,33.76,7.8,0.3557
2003-03-01,0.0,12.05,25.88,33.46,7.76,0.3538
2003-03-02,0.0,10.525,26.12,32.19,7.72,0.352
2003-03-03,0.0,13.183,24.99,33.88,7.68,0.3502
2003-03-04,0.0,11.607,26.06,33.13,7.68,0.3502
2003-03-05,0.0,13.085,25.42,34.07,7.66,0.3493
2003-03-06,0.0,13.719,25.37,34.65,7.62,0.3475
2003-03-07,0.0,13.183,25.26,34.02,7.6,0.3465
2003-03-08,0.0,13.837,25.62,34.92,7.6,0.3465
2003-03-09,0.0,12.853,25.98,34.22,7.6,0.3465
2003-03-10,0.0,13.757,25.11,34.45,7.6,0.3465
2003-03-11,0.0,13.005,25.87,34.26,7.6,0.3465
2003-03-12,0.0,13.105,26.83,35.07,7.58,0.3456
2003-03-13,0.179,11.597,26.03,33.01,7.54,0.3438
2003-03-14,1.392,13.88,25.43,34.77,7.52,0.3429
2003-03-15,0.0,12.193,27.26,34.52,7.52,0.3429
2003-03-16,1.208,11.242,25.76,32.44,7.52,0.3429
2003-03-17,10.195,10.123,25.55,31.23,7.52,0.3429
2003-03-18,0.0,11.729,25.11,32.39,7.52,0.3429
2003-03-19,20.968,10.449,24.7,30.84,10.64,0.4852
2003-03-20,4.475,10.906,25.66,32.04,9.84,0.4487
2003-03-21,14.601,13.269,25.32,34.03,8.48,0.3867
2003-03-22,0.125,12.7,25.8,33.84,8.48,0.3867
2003-03-23,13.225,11.727,25.2,32.44,8.32,0.3794
2003-03-24,12.21,13.888,24.27,33.86,20.55,0.937
2003-03-25,26.181,11.662,23.89,31.36,30.08,1.3716
2003-03-26,1.488,7.619,25.78,29.27,37.64,1.7163
2003-03-27,12.71,9.022,25.53,30.23,32.6,1.4865
2003-03-28,6.605,9.65,25.07,30.4,30.59,1.3949
2003-03-29,10.165,10.073,24.79,30.56,27.57,1.2572
2003-03-30,12.206,10.954,24.65,31.27,28.09,1.2809
2003-03-31,5.175,12.882,24.63,33.13,28.48,1.2986
2003-04-01,13.654,9.52,24.7,29.98,27.83,1.269
2003-04-02,1.714,12.278,24.31,32.3,23.93,1.0912
2003-04-03,9.888,11.272,24.94,31.82,20.55,0.937
2003-04-04,32.448,8.464,25.23,29.5,18.99,0.8659
2003-04-05,0.0,12.196,24.95,32.73,18.86,0.86
2003-04-06,0.0,11.592,25.29,32.41,18.47,0.8422
2003-04-07,7.093,13.162,24.47,33.33,20.29,0.9252
2003-04-08,4.96,12.651,25.27,33.43,33.84,1.5431
2003-04-09,16.191,11.388,25.19,32.16,59.32,2.7049
2003-04-10,11.2,11.259,24.86,31.78,60.2,2.745
2003-04-11,0.0,10.69,25.5,31.76,39.8,1.8148
2003-04-12,45.118,8.277,25.02,29.2,59.32,2.7049
2003-04-13,13.325,8.102,24.0,28.2,63.28,2.8855
2003-04-14,0.0,10.62,23.8,30.37,60.64,2.7651
2003-04-15,0.0,10.096,24.3,30.27,61.3,2.7952
2003-04-16,0.335,11.976,24.06,31.92,65.48,2.9858
2003-04-17,44.192,9.56,24.94,30.31,67.46,3.0761
2003-04-18,0.0,14.058,24.45,34.34,69.0,3.1463
2003-04-19,7.925,9.279,25.73,30.72,66.36,3.0259
2003-04-20,11.435,11.916,24.49,32.24,56.9,2.5946
2003-04-21,44.666,8.833,24.64,29.44,64.16,2.9256
2003-04-22,5.688,10.263,24.29,30.49,67.46,3.0761
2003-04-23,10.293,10.173,24.46,30.56,70.01,3.1923
2003-04-24,6.394,11.572,24.84,32.22,74.22,3.3843
2003-04-25,35.783,10.146,23.63,29.89,68.04,3.1025
2003-04-26,1.738,11.4,24.91,32.14,63.72,2.9055
2003-04-27,17.527,8.733,23.97,28.84,72.46,3.3041
2003-04-28,0.0,12.357,24.01,32.43,114.9,5.2393
2003-04-29,21.553,9.874,23.89,29.88,133.3,6.0783
2003-04-30,1.611,10.587,24.88,31.37,144.8,6.6027
2003-05-01,0.0,10.355,24.8,31.1,146.3,6.6711
2003-05-02,0.866,9.536,24.18,29.82,146.3,6.6711
2003-05-03,41.908,8.347,23.19,27.9,144.9,6.6072
2003-05-04,0.0,10.469,23.28,30.06,141.2,6.4385
2003-05-05,0.0,12.119,24.16,32.42,139.3,6.3519
2003-05-06,0.0,10.502,24.87,31.36,135.7,6.1877
2003-05-07,26.926,7.47,23.69,27.57,116.1,5.294
2003-05-08,23.569,9.331,23.63,29.26,77.41,3.5298
2003-05-09,1.603,7.413,23.01,26.94,63.07,2.8759
2003-05-10,0.0,10.06,23.23,29.69,79.32,3.6169
2003-05-11,0.679,7.677,23.64,27.74,91.35,4.1654
2003-05-12,11.65,8.232,23.75,28.36,103.6,4.724
2003-05-13,29.136,8.212,23.14,27.84,104.5,4.765
2003-05-14,0.0,9.648,23.22,29.32,119.5,5.449
2003-05-15,14.24,9.01,23.77,29.14,152.2,6.9401
2003-05-16,5.311,8.029,24.01,28.42,155.2,7.0769
2003-05-17,12.009,9.649,23.68,29.72,157.3,7.1726
2003-05-18,44.803,7.507,24.24,28.18,164.9,7.5192
2003-05-19,0.0,9.918,23.97,30.25,174.7,7.9661
2003-05-20,20.619,8.498,24.25,29.1,179.6,8.1895
2003-05-21,0.0,10.904,23.99,31.29,179.0,8.1621
2003-05-22,19.611,11.721,24.3,32.4,180.3,8.2214
2003-05-23,45.113,7.685,24.53,28.61,188.7,8.6044
2003-05-24,1.141,9.16,24.18,29.72,194.8,8.8826
2003-05-25,3.247,8.811,23.4,28.75,193.6,8.8279
2003-05-26,2.05,9.732,24.2,30.32,190.5,8.6865
2003-05-27,0.0,10.658,24.57,31.57,185.1,8.4403
2003-05-28,39.135,10.241,23.45,30.28,185.1,8.4403
2003-05-29,0.448,8.597,23.27,28.48,187.6,8.5543
2003-05-30,18.343,9.713,23.38,29.7,183.7,8.3764
2003-05-31,0.0,7.745,23.76,28.09,172.7,7.8749
2003-06-01,2.535,9.946,23.34,29.93,148.1,6.7531
2003-06-02,36.28,8.671,22.95,28.33,140.6,6.4111
2003-06-03,15.486,11.069,23.2,31.03,170.1,7.7563
2003-06-04,13.334,10.582,23.43,30.69,190.0,8.6637
2003-06-05,0.0,8.794,24.23,29.51,216.0,9.8493
2003-06-06,20.901,8.249,23.25,28.18,229.0,10.4421
2003-06-07,12.291,8.685,22.38,27.92,223.8,10.2049
2003-06-08,13.363,8.282,22.66,27.73,218.6,9.9678
2003-06-09,0.0,9.857,23.84,30.29,199.3,9.0878
2003-06-10,0.969,9.423,22.82,29.05,183.2,8.3536
2003-06-11,19.793,9.394,23.21,29.33,163.5,7.4554
2003-06-12,14.194,10.162,22.59,29.66,150.7,6.8717
2003-06-13,0.0,9.591,22.88,29.29,151.2,6.8945
2003-06-14,9.443,7.644,23.46,27.8,156.4,7.1316
2003-06-15,19.591,8.779,23.0,28.56,155.1,7.0723
2003-06-16,5.755,10.105,23.22,30.11,149.0,6.7942
2003-06-17,19.3,7.009,23.04,26.86,149.4,6.8124
2003-06-18,24.016,9.839,23.04,29.69,155.6,7.0951
2003-06-19,32.414,6.942,22.98,26.75,190.1,8.6683
2003-06-20,0.0,9.275,22.92,29.01,219.1,9.9906
2003-06-21,35.308,8.906,22.5,28.29,209.7,9.562
2003-06-22,20.628,5.998,22.5,25.48,205.6,9.375
2003-06-23,0.0,9.59,22.68,29.16,230.0,10.4877
2003-06-24,0.0,10.457,22.97,30.3,224.8,10.2505
2003-06-25,42.394,8.179,21.72,26.91,245.6,11.199
2003-06-26,4.685,9.692,22.23,28.91,243.2,11.0896
2003-06-27,57.758,8.664,23.28,28.68,233.0,10.6244
2003-06-28,30.096,7.711,22.56,27.12,223.8,10.2049
2003-06-29,17.122,8.338,22.3,27.54,226.4,10.3235
2003-06-30,12.552,9.789,22.74,29.4,230.1,10.4922
2003-07-01,24.921,7.652,21.5,26.18,234.8,10.7065
2003-07-02,0.0,10.908,22.47,30.39,229.6,10.4694
2003-07-03,24.936,9.054,22.37,28.32,222.7,10.1548
2003-07-04,0.28,9.577,22.87,29.26,221.7,10.1092
2003-07-05,0.0,10.013,22.99,29.81,215.4,9.8219
2003-07-06,10.312,11.381,22.91,31.22,197.8,9.0194
2003-07-07,24.291,8.381,23.42,28.47,176.5,8.0481
2003-07-08,7.177,8.203,23.15,28.07,157.8,7.1954
2003-07-09,27.688,8.476,23.04,28.24,139.7,6.3701
2003-07-10,0.0,10.329,23.22,30.28,130.5,5.9506
2003-07-11,104.113,7.424,22.09,26.41,123.9,5.6497
2003-07-12,0.0,9.259,22.84,28.86,130.4,5.946
2003-07-13,0.0,8.889,22.65,28.32,152.0,6.931
2003-07-14,0.0,8.559,21.28,26.88,198.8,9.065
2003-07-15,0.0,8.016,22.1,26.98,208.7,9.5164
2003-07-16,0.0,7.958,21.3,26.25,199.3,9.0878
2003-07-17,0.0,8.919,22.38,28.1,192.0,8.7549
2003-07-18,0.0,9.921,22.64,29.34,185.8,8.4722
2003-07-19,0.0,8.682,22.9,28.26,182.2,8.308
2003-07-20,0.0,8.394,23.22,28.22,171.0,7.7973
2003-07-21,0.0,7.704,23.63,27.9,149.8,6.8307
2003-07-22,0.0,8.146,22.96,27.75,130.0,5.9278
2003-07-23,0.0,9.644,22.94,29.23,130.0,5.9278
2003-07-24,31.665,9.487,23.44,29.45,126.4,5.7636
2003-07-25,0.0,8.481,22.97,28.07,117.4,5.3533
2003-07-26,0.0,5.743,23.0,25.6,116.4,5.3077
2003-07-27,14.174,9.971,22.96,29.54,114.9,5.2393
2003-07-28,21.296,10.205,23.29,30.02,107.0,4.879
2003-07-29,1.346,10.753,23.83,31.0,98.0,4.4687
2003-07-30,1.779,7.883,23.59,27.96,112.4,5.1253
2003-07-31,0.0,9.353,23.1,28.97,195.6,8.9191
2003-08-01,9.584,10.195,22.41,29.28,184.8,8.4266
2003-08-02,3.845,9.718,23.43,29.57,220.7,10.0636
2003-08-03,46.489,8.182,22.78,27.54,252.8,11.5273
2003-08-04,17.521,10.187,22.65,29.42,270.8,12.3481
2003-08-05,0.0,11.08,23.28,30.81,271.4,12.3754
2003-08-06,15.57,11.129,23.25,30.83,282.2,12.8679
2003-08-07,1.468,10.841,23.38,30.61,279.8,12.7585
2003-08-08,10.867,9.473,23.14,29.04,262.4,11.965
2003-08-09,6.938,9.097,22.69,28.29,242.6,11.0622
2003-08-10,23.471,9.545,23.03,29.0,228.4,10.4147
2003-08-11,9.625,9.726,22.12,28.44,220.6,10.059
2003-08-12,0.0,9.378,23.1,28.87,205.0,9.3477
2003-08-13,55.716,8.365,23.47,28.18,191.0,8.7093
2003-08-14,13.928,10.758,22.84,30.03,207.1,9.4434
2003-08-15,0.46,10.86,23.12,30.34,201.9,9.2063
2003-08-16,16.28,9.984,22.46,28.91,200.9,9.1607
2003-08-17,5.433,9.063,22.27,27.83,192.0,8.7549
2003-08-18,0.0,10.541,23.26,30.08,177.3,8.0846
2003-08-19,0.0,10.765,23.22,30.27,171.8,7.8338
2003-08-20,18.654,10.939,22.84,30.14,180.6,8.2351
2003-08-21,0.0,10.2,23.44,29.86,210.2,9.5848
2003-08-22,0.0,11.567,23.23,31.06,211.8,9.6578
2003-08-23,4.855,11.166,22.84,30.34,210.2,9.5848
2003-08-24,19.563,9.956,23.2,29.4,193.6,8.8279
2003-08-25,2.811,10.003,23.7,29.82,170.1,7.7563
2003-08-26,6.209,9.617,22.08,28.15,137.6,6.2744
2003-08-27,12.182,8.177,22.78,27.33,135.2,6.1649
2003-08-28,0.0,8.939,23.13,28.32,160.8,7.3322
2003-08-29,0.0,8.127,22.34,26.9,161.7,7.3733
2003-08-30,0.0,9.53,22.44,28.32,159.5,7.273
2003-08-31,0.0,10.006,22.75,29.02,155.1,7.0723
2003-09-01,0.0,10.717,22.41,29.46,145.9,6.6528
2003-09-02,0.0,7.799,23.2,27.3,124.6,5.6816
2003-09-03,0.0,11.582,22.44,30.36,116.4,5.3077
2003-09-04,23.301,10.583,23.3,30.01,112.4,5.1253
2003-09-05,9.538,10.538,23.21,29.89,130.0,5.9278
2003-09-06,5.468,9.138,23.06,28.41,123.9,5.6497
2003-09-07,24.99,11.759,23.36,31.21,122.8,5.5995
2003-09-08,1.001,10.121,23.81,29.94,137.0,6.247
2003-09-09,20.423,9.943,23.68,29.66,141.9,6.4704
2003-09-10,17.27,11.152,23.12,30.41,134.0,6.1102
2003-09-11,19.818,10.308,23.1,29.56,138.9,6.3336
2003-09-12,0.0,10.856,23.13,30.11,144.6,6.5935
2003-09-13,0.0,8.207,22.18,26.79,136.2,6.2105
2003-09-14,4.854,9.739,23.71,29.48,125.4,5.718
2003-09-15,0.368,9.673,23.7,29.41,115.3,5.2575
2003-09-16,0.0,11.641,22.76,30.62,114.6,5.2256
2003-09-17,11.64,10.823,23.7,30.52,108.8,4.9611
2003-09-18,46.195,10.536,22.14,29.03,111.7,5.0934
2003-09-19,3.963,12.383,22.29,31.04,207.6,9.4662
2003-09-20,22.466,11.831,23.13,31.1,217.0,9.8949
2003-09-21,0.0,10.802,23.58,30.42,216.5,9.8721
2003-09-22,0.0,9.215,22.68,28.17,217.0,9.8949
2003-09-23,45.773,9.597,22.97,28.76,227.4,10.3691
2003-09-24,22.495,11.507,22.21,30.09,236.0,10.7612
2003-09-25,0.0,12.273,23.4,31.77,247.4,11.2811
2003-09-26,0.0,10.562,24.45,30.88,240.8,10.9801
2003-09-27,17.768,9.26,22.93,28.43,231.4,10.5515
2003-09-28,47.749,8.152,23.18,27.6,218.6,9.9678
2003-09-29,0.0,9.187,23.64,28.94,216.5,9.8721
2003-09-30,0.0,9.985,23.59,29.66,211.8,9.6578
2003-10-01,12.762,11.817,23.2,31.2,244.8,11.1625
2003-10-02,0.0,12.98,23.18,32.39,240.8,10.9801
2003-10-03,0.0,12.363,23.27,31.83,215.4,9.8219
2003-10-04,18.649,10.072,23.67,29.85,199.3,9.0878
2003-10-05,13.612,10.713,24.14,30.86,193.1,8.8051
2003-10-06,4.334,10.855,24.33,31.15,200.4,9.1379
2003-10-07,32.462,10.068,24.57,30.59,190.0,8.6637
2003-10-08,0.241,11.102,24.48,31.53,167.0,7.6149
2003-10-09,2.026,11.933,24.9,32.69,172.2,7.8521
2003-10-10,47.139,11.083,24.1,31.24,147.6,6.7303
2003-10-11,20.915,11.841,23.76,31.76,120.0,5.4718
2003-10-12,23.4,10.283,24.12,30.5,111.3,5.0751
2003-10-13,7.758,7.719,23.85,27.87,123.9,5.6497
2003-10-14,3.425,8.327,23.57,28.2,135.8,6.1923
2003-10-15,2.234,11.253,23.69,31.17,149.4,6.8124
2003-10-16,14.469,10.195,23.94,30.32,167.0,7.6149
2003-10-17,5.926,9.799,23.88,29.89,137.1,6.2516
2003-10-18,1.314,11.069,24.35,31.54,216.0,9.8493
2003-10-19,12.305,10.573,25.04,31.59,208.7,9.5164
2003-10-20,0.494,8.894,24.56,29.61,194.6,8.8735
2003-10-21,1.876,10.671,24.27,31.12,184.2,8.3992
2003-10-22,0.0,11.591,24.23,32.03,170.1,7.7563
2003-10-23,0.0,12.295,24.78,33.2,155.1,7.0723
2003-10-24,9.172,9.831,24.16,30.25,134.6,6.1376
2003-10-25,7.625,11.553,24.36,32.15,108.1,4.9292
2003-10-26,10.758,11.424,24.44,32.1,110.6,5.0432
2003-10-27,0.0,11.1,24.96,32.19,111.7,5.0934
2003-10-28,4.963,10.699,25.15,31.95,103.4,4.7149
2003-10-29,58.727,8.613,22.98,28.17,92.49,4.2174
2003-10-30,7.512,9.407,23.68,29.52,80.6,3.6752
2003-10-31,16.667,9.016,23.73,29.2,145.0,6.6118
2003-11-01,0.0,10.356,24.09,30.85,159.5,7.273
2003-11-02,11.104,11.627,24.38,32.4,157.8,7.1954
2003-11-03,55.986,7.06,23.21,26.94,186.8,8.5178
2003-11-04,0.0,10.204,22.85,29.77,207.6,9.4662
2003-11-05,0.0,10.64,23.16,30.49,219.6,10.0134
2003-11-06,9.001,10.292,23.14,30.12,215.4,9.8219
2003-11-07,3.943,10.194,23.01,29.94,200.9,9.1607
2003-11-08,17.502,9.897,23.94,30.38,185.8,8.4722
2003-11-09,5.14,9.944,24.53,30.9,177.6,8.0983
2003-11-10,28.472,10.007,24.18,30.71,170.1,7.7563
2003-11-11,1.843,10.099,24.22,30.85,167.4,7.6332
2003-11-12,25.77,10.316,23.84,30.8,159.5,7.273
2003-11-13,11.705,11.644,24.24,32.53,154.2,7.0313
2003-11-14,18.349,9.362,24.07,30.03,169.2,7.7153
2003-11-15,11.623,9.624,24.76,30.86,208.7,9.5164
2003-11-16,5.089,9.706,24.23,30.53,208.7,9.5164
2003-11-17,0.0,11.116,23.66,31.6,205.0,9.3477
2003-11-18,0.162,10.453,24.9,31.87,196.7,8.9692
2003-11-19,0.0,10.378,25.32,32.13,188.7,8.6044
2003-11-20,0.0,9.34,24.48,30.42,179.1,8.1667
2003-11-21,6.258,10.473,24.31,31.48,168.4,7.6788
2003-11-22,4.06,8.219,24.16,29.06,150.8,6.8763
2003-11-23,6.499,9.661,24.01,30.41,126.9,5.7864
2003-11-24,12.738,9.924,24.36,30.98,104.7,4.7742
2003-11-25,0.0,9.96,24.68,31.28,86.11,3.9265
2003-11-26,4.078,10.151,24.08,31.03,74.51,3.3975
2003-11-27,2.907,9.154,24.75,30.53,63.5,2.8955
2003-11-28,13.214,10.056,23.8,30.73,58.66,2.6748
2003-11-29,3.291,9.955,24.12,30.89,52.5,2.3939
2003-11-30,7.25,10.128,24.68,31.52,51.84,2.3638
2003-12-01,0.0,10.46,23.98,31.34,58.0,2.6447
2003-12-02,22.166,7.875,24.31,28.93,63.5,2.8955
2003-12-03,4.281,9.972,24.27,31.06,57.12,2.6046
2003-12-04,19.515,9.688,24.56,30.99,48.76,2.2234
2003-12-05,20.388,8.977,24.42,30.15,46.46,2.1185
2003-12-06,12.413,9.386,24.04,30.28,47.64,2.1723
2003-12-07,0.0,10.627,23.8,31.44,56.9,2.5946
2003-12-08,0.0,11.724,23.51,32.45,63.72,2.9055
2003-12-09,0.0,10.721,24.68,32.23,59.1,2.6949
2003-12-10,0.0,10.386,24.0,31.35,58.44,2.6648
2003-12-11,0.0,10.406,24.18,31.52,55.8,2.5444
2003-12-12,0.036,10.052,24.28,31.22,48.76,2.2234
2003-12-13,0.0,10.156,23.99,31.11,41.42,1.8887
2003-12-14,0.0,9.584,22.83,29.59,39.44,1.7984
2003-12-15,0.0,10.658,23.48,31.28,35.84,1.6342
2003-12-16,0.0,10.249,23.37,30.74,33.5,1.5275
2003-12-17,0.0,9.939,23.94,30.85,30.44,1.388
2003-12-18,0.0,9.483,23.98,30.39,28.35,1.2927
2003-12-19,0.0,6.735,24.34,27.93,27.83,1.269
2003-12-20,41.951,8.831,23.33,29.18,28.09,1.2809
2003-12-21,0.0,8.652,23.35,29.0,40.7,1.8559
2003-12-22,0.267,10.071,23.57,30.7,40.7,1.8559
2003-12-23,0.0,9.802,24.1,30.82,49.2,2.2434
2003-12-24,0.0,10.789,23.31,31.29,44.48,2.0282
2003-12-25,0.0,10.3,24.33,31.53,43.04,1.9626
2003-12-26,0.0,10.608,24.12,31.7,40.52,1.8477
2003-12-27,0.3,9.476,24.13,30.48,36.92,1.6835
2003-12-28,0.51,10.329,24.53,31.7,29.07,1.3255
2003-12-29,0.0,10.406,24.83,32.0,23.41,1.0675
2003-12-30,0.0,10.345,23.73,31.09,22.63,1.0319
2003-12-31,0.199,11.758,22.15,31.48,21.98,1.0023
2004-01-01,0.0,8.434,23.14,28.56,20.81,0.9489
2004-01-02,0.0,10.24,24.29,31.38,20.29,0.9252
2004-01-03,0.058,9.624,24.3,30.72,19.12,0.8718
2004-01-04,0.0,10.279,24.28,31.39,18.47,0.8422
2004-01-05,0.0,13.097,22.25,33.04,17.43,0.7948
2004-01-06,0.0,11.712,23.37,32.25,16.91,0.7711
2004-01-07,2.377,10.786,24.38,31.98,16.78,0.7651
2004-01-08,0.0,9.976,24.55,31.23,16.65,0.7592
2004-01-09,0.0,10.917,24.5,32.19,16.52,0.7533
2004-01-10,0.0,11.686,23.88,32.55,16.13,0.7355
2004-01-11,0.151,12.7,24.59,34.17,15.76,0.7186
2004-01-12,4.976,12.11,24.61,33.52,15.6,0.7113
2004-01-13,0.0,11.336,25.84,33.6,15.28,0.6967
2004-01-14,0.0,10.725,26.08,33.14,14.96,0.6822
2004-01-15,0.0,11.544,25.64,33.64,14.56,0.6639
2004-01-16,0.0,13.198,24.8,34.78,16.34,0.7451
2004-01-17,0.0,11.676,26.02,34.03,13.84,0.6311
2004-01-18,0.0,11.736,25.6,33.75,13.76,0.6274
2004-01-19,0.0,12.866,24.72,34.28,13.52,0.6165
2004-01-20,0.0,13.994,24.47,35.32,13.28,0.6055
2004-01-21,3.277,11.579,26.29,34.07,13.04,0.5946
2004-01-22,0.0,11.548,25.4,33.33,12.8,0.5837
2004-01-23,0.0,12.89,24.31,33.93,12.64,0.5764
2004-01-24,0.0,12.253,24.15,33.09,12.24,0.5581
2004-01-25,0.959,12.749,23.72,33.3,11.84,0.5399
2004-01-26,0.0,13.837,22.57,33.66,11.68,0.5326
2004-01-27,0.0,13.958,22.51,33.72,11.52,0.5253
2004-01-28,0.0,13.174,24.27,34.09,11.36,0.518
2004-01-29,0.0,13.929,23.04,34.01,11.28,0.5144
2004-01-30,0.0,14.039,23.29,34.28,11.12,0.5071
2004-01-31,0.0,14.603,22.9,34.6,10.96,0.4998
2004-02-01,0.0,15.036,23.14,35.21,10.88,0.4961
2004-02-02,0.0,14.342,23.89,34.95,10.64,0.4852
2004-02-03,0.0,12.297,25.89,34.22,10.32,0.4706
2004-02-04,0.0,12.982,25.56,34.66,10.24,0.4669
2004-02-05,0.0,13.082,24.8,34.18,10.16,0.4633
2004-02-06,0.0,12.999,24.26,33.66,9.84,0.4487
2004-02-07,0.0,13.1,24.93,34.24,9.68,0.4414
2004-02-08,0.0,12.854,24.86,33.91,9.6,0.4377
2004-02-09,0.0,12.915,24.33,33.56,9.52,0.4341
2004-02-10,0.0,13.004,24.43,33.7,9.28,0.4232
2004-02-11,0.0,13.803,24.49,34.56,9.2,0.4195
2004-02-12,0.0,14.008,25.32,35.35,9.04,0.4122
2004-02-13,0.0,13.862,25.56,35.34,8.96,0.4086
2004-02-14,0.0,13.16,25.7,34.7,8.88,0.4049
2004-02-15,0.0,14.022,25.4,35.34,8.72,0.3976
2004-02-16,0.0,14.252,24.19,34.69,8.56,0.3903
2004-02-17,0.0,14.114,25.1,35.18,8.48,0.3867
2004-02-18,0.0,14.906,25.36,36.16,8.4,0.383
2004-02-19,0.0,13.848,26.54,35.91,8.24,0.3757
2004-02-20,0.0,10.569,27.1,33.16,8.16,0.3721
2004-02-21,0.0,10.813,25.68,32.23,8.16,0.3721
2004-02-22,0.0,10.777,24.3,31.09,8.16,0.3721
2004-02-23,0.181,7.984,23.29,27.6,10.08,0.4596
2004-02-24,3.141,11.559,23.61,31.31,11.39,0.5194
2004-02-25,8.847,8.912,23.22,28.38,12.56,0.5727
2004-02-26,0.0,13.219,23.03,32.56,14.09,0.6425
2004-02-27,21.67,10.329,23.4,29.88,15.41,0.7027
2004-02-28,0.0,11.45,23.86,31.32,20.21,0.9215
2004-02-29,4.242,10.02,23.86,29.91,34.22,1.5604
2004-03-01,16.723,9.462,24.37,29.78,35.12,1.6014
2004-03-02,0.0,9.365,25.02,30.22,24.06,1.0971
2004-03-03,0.0,12.568,24.51,32.88,17.95,0.8185
2004-03-04,0.0,12.403,24.61,32.78,14.32,0.653
2004-03-05,0.139,11.663,24.62,32.05,12.96,0.591
2004-03-06,0.0,12.94,23.3,32.32,11.92,0.5435
2004-03-07,0.0,13.118,24.52,33.39,11.04,0.5034
2004-03-08,0.0,13.535,23.43,33.0,10.48,0.4779
2004-03-09,0.0,12.073,24.65,32.43,8.96,0.4086
2004-03-10,10.492,9.389,25.31,30.41,9.52,0.4341
2004-03-11,0.0,7.84,24.28,28.18,9.84,0.4487
2004-03-12,0.0,11.892,24.39,32.02,10.32,0.4706
2004-03-13,0.0,12.391,24.3,32.44,12.08,0.5508
2004-03-14,0.0,13.302,24.0,33.12,11.76,0.5362
2004-03-15,0.0,10.858,24.15,30.82,11.12,0.5071
2004-03-16,2.001,12.707,24.36,32.78,10.32,0.4706
2004-03-17,0.0,13.105,23.25,32.35,9.84,0.4487
2004-03-18,0.0,11.966,25.3,32.76,9.52,0.4341
2004-03-19,0.0,12.69,25.26,33.43,9.04,0.4122
2004-03-20,0.0,14.815,23.31,34.14,8.64,0.394
2004-03-21,0.0,15.283,23.65,34.85,8.32,0.3794
2004-03-22,0.269,12.349,24.96,32.86,8.24,0.3757
2004-03-23,7.474,9.91,23.97,29.74,8.32,0.3794
2004-03-24,4.131,10.49,24.63,30.81,8.4,0.383
2004-03-25,13.363,10.709,24.51,30.93,8.32,0.3794
2004-03-26,8.573,11.277,24.44,31.41,8.4,0.383
2004-03-27,4.474,13.13,25.0,33.65,8.64,0.394
2004-03-28,15.161,9.362,24.85,29.95,8.48,0.3867
2004-03-29,5.124,10.61,24.59,30.9,8.48,0.3867
2004-03-30,5.768,11.948,23.95,31.7,9.52,0.4341
2004-03-31,0.0,11.336,24.43,31.48,12.88,0.5873
2004-04-01,6.576,12.743,22.82,31.66,12.44,0.5672
2004-04-02,9.246,7.397,25.16,28.55,12.12,0.5527
2004-04-03,29.186,8.998,24.52,29.38,13.01,0.5932
2004-04-04,0.0,12.346,25.17,33.04,13.39,0.6106
2004-04-05,11.78,11.286,24.15,31.23,14.2,0.6475
2004-04-06,9.08,11.907,24.32,31.98,18.86,0.86
2004-04-07,15.728,10.934,25.38,31.86,19.12,0.8718
2004-04-08,7.914,10.907,24.73,31.34,17.54,0.7998
2004-04-09,9.363,10.572,25.22,31.41,15.36,0.7004
2004-04-10,1.224,10.805,25.46,31.83,14.61,0.6662
2004-04-11,3.797,11.433,24.76,31.89,15.46,0.705
2004-04-12,3.307,12.452,23.77,32.15,21.81,0.9945
2004-04-13,16.557,9.816,25.9,31.3,19.52,0.8901
2004-04-14,7.45,10.195,25.83,31.59,21.35,0.9735
2004-04-15,15.383,10.801,25.26,31.72,21.8,0.994
2004-04-16,25.555,10.004,25.39,31.08,23.54,1.0734
2004-04-17,4.147,10.261,25.5,31.42,23.67,1.0793
2004-04-18,12.094,9.61,24.0,29.61,23.54,1.0734
2004-04-19,11.202,10.742,24.41,31.03,25.1,1.1445
2004-04-20,0.558,11.161,24.18,31.27,27.18,1.2394
2004-04-21,7.353,11.473,25.18,32.36,29.45,1.3429
2004-04-22,8.48,9.919,24.83,30.6,35.71,1.6283
2004-04-23,58.819,8.185,24.33,28.62,44.61,2.0341
2004-04-24,3.737,9.681,24.54,30.18,50.08,2.2836
2004-04-25,12.357,10.408,23.9,30.37,59.83,2.7282
2004-04-26,1.785,12.147,22.44,31.04,72.48,3.305
2004-04-27,18.231,9.93,23.96,29.97,73.54,3.3533
2004-04-28,0.619,9.019,24.18,29.3,62.23,2.8376
2004-04-29,3.221,10.25,23.67,30.09,49.55,2.2594
2004-04-30,10.088,7.67,24.34,28.26,43.52,1.9844
2004-05-01,1.755,8.821,23.1,28.27,39.44,1.7984
2004-05-02,13.456,9.541,23.72,29.47,38.36,1.7492
2004-05-03,17.801,8.107,23.82,28.22,39.8,1.8148
2004-05-04,18.729,8.539,23.84,28.63,48.66,2.2188
2004-05-05,11.4,7.677,24.12,28.1,80.38,3.6652
2004-05-06,11.839,9.985,24.25,30.38,86.4,3.9397
2004-05-07,15.603,7.475,24.12,27.94,84.08,3.8339
2004-05-08,8.353,8.83,24.2,29.25,90.46,4.1248
2004-05-09,19.347,6.004,23.56,26.24,101.0,4.6054
2004-05-10,0.0,8.928,22.91,28.32,113.3,5.1663
2004-05-11,2.268,11.063,23.25,30.76,134.3,6.1239
2004-05-12,16.734,7.14,24.82,28.3,156.2,7.1225
2004-05-13,16.514,10.175,24.08,30.52,167.4,7.6332
2004-05-14,6.78,8.372,24.27,28.94,167.9,7.656
2004-05-15,0.902,8.211,24.38,28.9,172.7,7.8749
2004-05-16,12.809,7.733,23.77,27.95,182.2,8.308
2004-05-17,11.766,6.629,23.91,27.11,186.8,8.5178
2004-05-18,4.306,7.017,23.71,27.28,182.2,8.308
2004-05-19,25.409,8.21,23.62,28.31,174.4,7.9524
2004-05-20,8.559,10.025,23.81,30.25,167.4,7.6332
2004-05-21,3.161,11.645,23.16,31.46,175.5,8.0025
2004-05-22,14.826,11.052,23.56,31.15,173.0,7.8885
2004-05-23,11.795,9.681,23.58,29.76,165.7,7.5557
2004-05-24,2.016,11.215,23.7,31.46,165.7,7.5557
2004-05-25,11.641,9.202,24.56,30.09,165.2,7.5329
2004-05-26,14.401,10.282,23.28,30.18,150.3,6.8535
2004-05-27,24.867,6.873,23.57,27.1,137.5,6.2698
2004-05-28,6.291,8.955,22.86,28.5,140.6,6.4111
2004-05-29,23.243,8.578,23.09,28.32,141.9,6.4704
2004-05-30,0.0,10.275,22.91,29.93,147.6,6.7303
2004-05-31,50.468,8.693,23.22,28.56,152.0,6.931
2004-06-01,64.813,9.951,22.45,29.25,160.0,7.2958
2004-06-02,8.278,8.94,22.27,28.06,192.6,8.7823
2004-06-03,0.0,8.219,22.84,27.8,211.8,9.6578
2004-06-04,51.496,8.947,22.95,28.62,222.2,10.132
2004-06-05,8.11,5.547,22.75,25.3,255.8,11.6641
2004-06-06,22.519,7.456,22.37,26.68,280.4,12.7858
2004-06-07,13.614,7.636,22.94,27.34,287.0,13.0868
2004-06-08,24.739,9.164,22.64,28.63,318.0,14.5003
2004-06-09,20.614,8.861,22.58,28.28,407.5,18.5814
2004-06-10,0.0,9.721,22.4,29.05,443.8,20.2366
2004-06-11,,,,,,
2004-06-12,,,,,,
2004-06-13,,,,,,
2004-06-14,0.0,8.482,23.06,28.29,286.4,13.0594
2004-06-15,54.268,6.618,22.89,26.37,272.0,12.4028
2004-06-16,13.495,6.976,22.61,26.46,260.0,11.8556
2004-06-17,0.0,8.63,22.1,27.68,272.6,12.4301
2004-06-18,0.0,8.105,23.35,28.17,280.4,12.7858
2004-06-19,2.587,8.399,23.53,28.61,318.0,14.5003
2004-06-20,1.584,7.652,23.25,27.64,323.6,14.7557
2004-06-21,9.429,9.163,23.3,29.2,294.2,13.4151
2004-06-22,0.0,8.386,22.81,28.01,282.2,12.8679
2004-06-23,43.804,7.133,23.34,27.23,269.6,12.2934
2004-06-24,22.81,6.976,22.8,26.63,251.0,11.4452
2004-06-25,0.0,9.795,22.55,29.27,234.2,10.6792
2004-06-26,0.0,10.16,22.41,29.55,228.4,10.4147
2004-06-27,0.3,8.269,22.23,27.41,225.3,10.2733
2004-06-28,97.37,6.219,22.72,25.86,221.7,10.1092
2004-06-29,0.0,7.549,22.59,26.99,247.4,11.2811
2004-06-30,5.022,8.178,22.98,27.93,252.8,11.5273
2004-07-01,14.25,8.587,22.34,27.82,257.0,11.7188
2004-07-02,0.599,10.489,23.29,30.56,265.4,12.1018
2004-07-03,12.028,8.93,23.04,28.73,257.6,11.7462
2004-07-04,47.846,7.459,22.94,27.18,260.0,11.8556
2004-07-05,33.127,7.743,22.36,26.98,271.4,12.3754
2004-07-06,0.0,9.767,22.3,29.0,270.2,12.3207
2004-07-07,0.38,10.932,22.05,30.06,263.6,12.0198
2004-07-08,0.0,11.162,21.96,30.25,254.0,11.582
2004-07-09,0.0,8.601,23.64,28.85,246.2,11.2263
2004-07-10,20.494,8.792,23.5,28.92,236.6,10.7886
2004-07-11,28.638,7.804,23.07,27.59,226.9,10.3463
2004-07-12,24.542,8.595,22.9,28.22,211.3,9.635
2004-07-13,3.703,7.502,23.33,27.51,191.0,8.7093
2004-07-14,13.463,8.288,23.38,28.3,176.3,8.039
2004-07-15,0.0,9.027,22.14,28.03,163.0,7.4326
2004-07-16,28.506,8.714,22.09,27.65,147.2,6.7121
2004-07-17,0.0,5.923,22.75,25.57,140.6,6.4111
2004-07-18,0.0,9.395,22.36,28.56,127.9,5.832
2004-07-19,1.571,7.377,23.11,27.16,121.0,5.5174
2004-07-20,12.095,7.923,22.82,27.43,112.8,5.1435
2004-07-21,1.276,9.106,22.56,28.39,106.3,4.8471
2004-07-22,1.41,10.684,22.69,30.12,123.2,5.6177
2004-07-23,5.285,10.181,22.04,29.08,133.1,6.0692
2004-07-24,56.979,8.376,22.56,27.62,164.8,7.5146
2004-07-25,0.0,8.446,21.92,27.16,180.2,8.2168
2004-07-26,13.258,9.589,22.82,29.03,198.8,9.065
2004-07-27,4.064,8.871,22.44,27.99,217.5,9.9177
2004-07-28,2.282,8.993,22.49,28.14,218.6,9.9678
2004-07-29,7.97,9.964,22.15,28.86,212.8,9.7034
2004-07-30,0.0,7.76,22.93,27.28,206.6,9.4206
2004-07-31,22.76,9.065,22.25,27.99,204.5,9.3249
2004-08-01,0.0,10.059,22.13,28.91,204.0,9.3021
2004-08-02,0.0,10.082,21.6,28.51,200.4,9.1379
2004-08-03,8.073,8.452,22.35,27.43,187.4,8.5452
2004-08-04,0.0,7.34,23.03,26.94,174.0,7.9341
2004-08-05,0.0,11.008,22.3,29.98,160.4,7.314
2004-08-06,2.45,8.091,23.26,27.8,163.5,7.4554
2004-08-07,0.0,9.626,22.73,28.86,167.9,7.656
2004-08-08,0.0,7.473,22.86,26.88,166.1,7.5739
2004-08-09,0.0,7.668,22.46,26.72,165.2,7.5329
2004-08-10,0.0,9.468,20.98,27.29,160.0,7.2958
2004-08-11,0.0,9.771,22.04,28.42,143.7,6.5525
2004-08-12,0.0,9.859,22.6,28.94,135.8,6.1923
2004-08-13,0.0,9.491,22.79,28.71,121.4,5.5357
2004-08-14,0.0,9.456,22.41,28.36,103.4,4.7149
2004-08-15,0.212,10.01,23.16,29.49,90.17,4.1116
2004-08-16,3.544,9.203,23.22,28.74,84.08,3.8339
2004-08-17,0.0,9.437,23.48,29.16,73.93,3.3711
2004-08-18,36.598,8.309,23.28,27.93,77.12,3.5166
2004-08-19,13.999,9.245,23.07,28.63,77.41,3.5298
2004-08-20,0.0,8.476,23.09,27.9,79.61,3.6301
2004-08-21,1.841,9.51,22.36,28.3,89.61,4.0861
2004-08-22,0.0,9.963,23.42,29.58,93.36,4.2571
2004-08-23,0.0,9.756,22.17,28.38,95.1,4.3364
2004-08-24,24.047,9.254,22.13,27.84,101.1,4.61
2004-08-25,26.651,9.529,22.94,28.75,105.2,4.797
2004-08-26,13.927,8.46,22.97,27.75,96.55,4.4025
2004-08-27,16.403,9.156,22.14,27.73,105.2,4.797
2004-08-28,45.957,10.733,22.73,29.76,122.1,5.5676
2004-08-29,0.0,10.118,23.04,29.37,138.8,6.3291
2004-08-30,42.729,10.873,22.62,29.79,145.0,6.6118
2004-08-31,0.0,11.338,22.92,30.49,145.0,6.6118
2004-09-01,18.583,11.317,22.54,30.17,142.8,6.5115
2004-09-02,0.0,11.025,21.81,29.31,140.2,6.3929
2004-09-03,2.156,10.28,21.84,28.57,149.0,6.7942
2004-09-04,0.151,10.417,22.69,29.36,163.5,7.4554
2004-09-05,32.993,10.579,23.18,29.9,168.3,7.6742
2004-09-06,0.0,12.041,22.05,30.52,176.7,8.0573
2004-09-07,0.0,11.519,22.35,30.2,196.2,8.9464
2004-09-08,26.604,11.792,22.61,30.68,221.2,10.0864
2004-09-09,17.903,11.246,23.02,30.43,252.3,11.5045
2004-09-10,6.948,10.66,23.16,29.94,230.0,10.4877
2004-09-11,0.0,10.678,23.62,30.32,219.6,10.0134
2004-09-12,3.983,8.781,23.28,28.23,197.2,8.992
2004-09-13,0.0,10.844,22.56,29.66,183.7,8.3764
2004-09-14,0.0,9.863,22.5,28.63,166.6,7.5967
2004-09-15,0.0,12.105,22.17,30.66,151.6,6.9127
2004-09-16,14.627,11.724,21.73,29.93,133.8,6.1011
2004-09-17,0.0,12.479,21.77,30.75,118.2,5.3897
2004-09-18,0.0,11.713,23.15,30.99,100.2,4.569
2004-09-19,40.603,11.701,22.47,30.47,94.81,4.3232
2004-09-20,7.229,11.794,23.29,31.18,88.43,4.0323
2004-09-21,11.247,11.508,22.99,30.67,96.11,4.3825
2004-09-22,0.0,14.043,21.54,32.26,110.6,5.0432
2004-09-23,10.586,11.375,22.7,30.32,109.2,4.9794
2004-09-24,5.801,12.141,23.97,32.07,106.6,4.8608
2004-09-25,17.216,10.66,22.88,29.75,111.0,5.0614
2004-09-26,0.0,11.167,22.91,30.29,106.5,4.8562
2004-09-27,13.801,10.851,22.96,30.02,95.57,4.3578
2004-09-28,9.424,12.0,22.19,30.62,96.67,4.408
2004-09-29,7.457,12.731,22.41,31.55,112.4,5.1253
2004-09-30,0.0,11.213,22.95,30.4,105.2,4.797
2004-10-01,46.346,8.445,23.34,28.02,99.39,4.532
2004-10-02,0.0,11.87,22.75,30.94,132.4,6.0372
2004-10-03,0.223,11.62,23.0,30.88,172.9,7.884
2004-10-04,34.609,8.784,23.35,28.37,189.6,8.6455
2004-10-05,0.0,11.812,22.86,30.99,217.1,9.8994
2004-10-06,0.0,12.124,23.7,31.95,244.0,11.126
2004-10-07,0.0,11.138,23.41,30.74,228.4,10.4147
2004-10-08,8.666,9.145,24.58,29.75,213.2,9.7216
2004-10-09,13.189,9.387,24.38,29.82,202.9,9.2519
2004-10-10,0.0,9.885,24.34,30.27,195.7,8.9236
2004-10-11,3.904,11.684,23.66,31.54,179.7,8.194
2004-10-12,4.653,11.085,25.25,32.18,162.6,7.4143
2004-10-13,3.171,11.465,24.72,32.15,163.0,7.4326
2004-10-14,3.538,11.104,24.83,31.9,143.7,6.5525
2004-10-15,3.701,10.942,24.9,31.8,137.1,6.2516
2004-10-16,5.474,9.614,24.1,29.89,130.8,5.9643
2004-10-17,11.638,10.862,24.19,31.2,117.1,5.3396
2004-10-18,8.657,10.814,24.11,31.1,110.6,5.0432
2004-10-19,5.807,11.119,24.16,31.47,97.27,4.4354
2004-10-20,15.32,8.5,23.75,28.58,90.17,4.1116
2004-10-21,10.63,9.831,23.4,29.6,80.31,3.662
2004-10-22,1.98,9.477,23.22,29.12,68.92,3.1426
2004-10-23,15.71,10.152,24.38,30.73,64.6,2.9457
2004-10-24,0.104,11.585,24.04,31.94,61.52,2.8052
2004-10-25,8.984,11.362,24.23,31.88,57.34,2.6146
2004-10-26,2.685,10.629,24.78,31.57,51.18,2.3337
2004-10-27,8.84,7.717,24.66,28.71,48.76,2.2234
2004-10-28,24.62,9.983,23.43,29.9,47.22,2.1532
2004-10-29,0.0,8.909,23.81,29.15,60.86,2.7751
2004-10-30,0.0,11.011,22.86,30.56,56.9,2.5946
2004-10-31,4.15,9.686,24.16,30.22,54.92,2.5043
2004-11-01,7.483,9.059,24.34,29.76,52.94,2.414
2004-11-02,11.863,10.037,23.2,29.85,50.08,2.2836
2004-11-03,0.0,9.867,23.68,30.07,47.66,2.1732
2004-11-04,0.0,10.65,24.16,31.27,46.1,2.1021
2004-11-05,0.0,10.348,24.66,31.37,43.58,1.9872
2004-11-06,21.5,9.315,24.59,30.29,46.64,2.1267
2004-11-07,2.583,8.771,23.63,28.99,53.6,2.4441
2004-11-08,3.361,9.816,24.2,30.52,65.48,2.9858
2004-11-09,0.0,10.561,24.2,31.3,63.5,2.8955
2004-11-10,0.0,11.038,24.8,32.28,60.2,2.745
2004-11-11,1.405,8.66,25.44,30.42,52.72,2.404
2004-11-12,14.728,8.496,24.45,29.46,54.26,2.4742
2004-11-13,7.925,8.805,24.7,29.98,59.1,2.6949
2004-11-14,27.987,8.394,24.13,29.12,73.06,3.3314
2004-11-15,0.0,11.262,24.14,32.1,77.99,3.5562
2004-11-16,0.0,10.364,24.94,31.79,67.81,3.092
2004-11-17,0.776,10.137,24.27,31.04,73.35,3.3446
2004-11-18,17.37,9.249,25.08,30.79,85.53,3.9
2004-11-19,9.193,8.509,25.06,30.06,92.49,4.2174
2004-11-20,13.101,8.867,23.84,29.43,86.11,3.9265
2004-11-21,1.509,8.483,23.92,29.12,76.54,3.4901
2004-11-22,0.0,11.631,23.0,31.77,61.96,2.8253
2004-11-23,0.0,11.487,22.33,31.14,45.18,2.0601
2004-11-24,8.015,7.907,23.56,28.29,42.5,1.9379
2004-11-25,17.146,9.663,23.83,30.31,48.14,2.1951
2004-11-26,8.786,8.132,23.34,28.35,57.34,2.6146
2004-11-27,0.0,9.625,24.03,30.45,50.96,2.3237
2004-11-28,0.0,9.676,24.64,31.0,43.22,1.9708
2004-11-29,0.0,10.438,24.6,31.78,38.54,1.7574
2004-11-30,0.0,9.595,23.75,30.23,35.12,1.6014
2004-12-01,3.152,9.323,23.81,30.0,30.44,1.388
2004-12-02,0.0,9.488,23.51,29.94,27.83,1.269
2004-12-03,0.0,9.831,23.54,30.34,25.62,1.1682
2004-12-04,0.193,8.878,24.47,30.09,24.97,1.1386
2004-12-05,0.0,9.097,24.43,30.29,24.71,1.1267
2004-12-06,16.123,8.869,23.2,29.07,24.45,1.1149
2004-12-07,33.965,8.351,23.4,28.7,25.88,1.1801
2004-12-08,0.0,9.84,24.82,31.4,36.2,1.6507
2004-12-09,0.0,10.251,23.44,30.77,35.66,1.626
2004-12-10,0.0,11.021,22.6,31.01,26.27,1.1979
2004-12-11,0.0,10.508,23.47,31.09,24.19,1.103
2004-12-12,0.788,9.134,23.71,29.79,23.54,1.0734
2004-12-13,56.97,6.491,24.15,27.54,24.32,1.109
2004-12-14,0.0,10.996,22.35,30.8,33.14,1.5111
2004-12-15,0.0,10.641,23.48,31.26,38.72,1.7656
2004-12-16,0.0,9.152,23.93,30.0,36.2,1.6507
2004-12-17,0.0,9.979,24.1,31.01,30.59,1.3949
2004-12-18,0.0,10.528,24.07,31.59,26.92,1.2275
2004-12-19,0.0,11.282,23.22,31.78,24.58,1.1208
2004-12-20,0.0,10.952,23.12,31.33,21.85,0.9963
2004-12-21,5.713,10.544,23.58,31.23,20.03,0.9133
2004-12-22,0.091,11.382,23.2,31.87,19.25,0.8778
2004-12-23,0.0,10.708,23.12,31.05,18.6,0.8481
2004-12-24,0.0,11.906,23.08,32.37,18.47,0.8422
2004-12-25,0.0,11.979,22.59,32.09,17.56,0.8007
2004-12-26,0.0,11.126,23.44,31.75,17.04,0.777
2004-12-27,0.0,11.863,22.13,31.62,16.13,0.7355
2004-12-28,0.0,11.268,22.4,31.12,15.76,0.7186
2004-12-29,0.0,10.581,24.18,31.68,15.68,0.715
2004-12-30,0.0,12.121,22.25,31.98,14.88,0.6785
2004-12-31,0.0,12.086,23.36,32.73,14.56,0.6639
2005-01-01,0.0,11.749,22.26,31.54,12.8,0.5837
2005-01-02,0.059,11.779,22.25,31.56,14.08,0.642
2005-01-03,0.0,10.149,23.36,30.55,13.68,0.6238
2005-01-04,0.0,12.401,22.75,32.6,13.52,0.6165
2005-01-05,0.0,9.761,24.62,31.1,13.2,0.6019
2005-01-06,0.0,9.336,24.65,30.68,12.96,0.591
2005-01-07,0.0,12.958,22.92,33.32,12.72,0.58
2005-01-08,7.46,8.993,24.52,30.19,12.56,0.5727
2005-01-09,2.884,7.418,23.96,28.16,12.8,0.5837
2005-01-10,2.274,12.109,22.54,32.03,14.32,0.653
2005-01-11,0.0,11.47,24.34,32.64,14.4,0.6566
2005-01-12,2.865,11.579,24.43,32.81,13.84,0.6311
2005-01-13,10.852,9.716,24.02,30.48,13.44,0.6128
2005-01-14,5.055,11.548,22.86,31.57,13.2,0.6019
2005-01-15,0.912,9.805,24.67,31.06,12.88,0.5873
2005-01-16,0.064,11.834,25.2,33.59,12.64,0.5764
2005-01-17,0.0,11.15,24.61,32.4,12.32,0.5618
2005-01-18,0.285,11.827,24.59,33.09,12.0,0.5472
2005-01-19,0.0,12.6,22.47,32.36,11.68,0.5326
2005-01-20,0.0,14.316,22.37,34.21,11.36,0.518
2005-01-21,0.0,12.978,24.57,34.26,10.96,0.4998
2005-01-22,1.069,13.306,23.7,33.97,10.72,0.4888
2005-01-23,0.0,14.225,23.48,34.8,10.48,0.4779
2005-01-24,2.392,13.344,23.85,34.06,10.32,0.4706
2005-01-25,0.0,13.345,24.57,34.56,10.24,0.4669
2005-01-26,0.0,14.203,23.52,34.73,10.08,0.4596
2005-01-27,0.0,14.392,23.42,34.84,9.84,0.4487
2005-01-28,0.0,13.152,25.9,35.26,9.52,0.4341
2005-01-29,0.0,11.989,26.0,34.1,9.36,0.4268
2005-01-30,0.0,11.354,25.64,33.15,9.28,0.4232
2005-01-31,0.0,14.818,23.11,34.98,9.28,0.4232
2005-02-01,0.0,13.778,24.6,34.88,9.12,0.4159
2005-02-02,0.068,12.804,25.74,34.65,8.96,0.4086
2005-02-03,0.0,13.345,25.9,35.3,8.8,0.4013
2005-02-04,0.0,10.525,24.73,31.5,8.8,0.4013
2005-02-05,0.0,9.694,23.9,29.98,8.8,0.4013
2005-02-06,0.0,10.246,24.26,30.81,8.8,0.4013
2005-02-07,3.275,10.499,24.18,30.99,8.72,0.3976
2005-02-08,13.55,11.102,23.35,30.94,10.16,0.4633
2005-02-09,6.672,10.192,23.57,30.16,13.12,0.5983
2005-02-10,38.61,7.438,24.22,28.04,19.25,0.8778
2005-02-11,0.369,7.352,23.89,27.68,23.15,1.0556
2005-02-12,25.26,8.438,23.48,28.32,39.8,1.8148
2005-02-13,5.488,12.023,23.31,31.77,42.5,1.9379
2005-02-14,0.0,12.554,23.77,32.65,32.78,1.4947
2005-02-15,1.485,14.37,22.43,33.6,21.33,0.9726
2005-02-16,0.0,13.986,23.55,33.95,17.82,0.8126
2005-02-17,0.0,14.032,23.84,34.18,15.28,0.6967
2005-02-18,0.0,13.361,23.18,32.98,13.6,0.6201
2005-02-19,0.0,12.806,23.79,32.82,12.32,0.5618
2005-02-20,0.0,13.876,23.51,33.72,11.04,0.5034
2005-02-21,0.0,14.862,22.56,34.07,10.48,0.4779
2005-02-22,0.0,13.606,24.31,33.97,10.16,0.4633
2005-02-23,0.0,15.059,23.95,35.2,10.0,0.456
2005-02-24,0.0,16.222,23.28,35.94,9.76,0.445
2005-02-25,0.0,15.28,25.21,36.27,9.52,0.4341
2005-02-26,0.0,15.33,24.41,35.74,9.04,0.4122
2005-02-27,0.0,11.921,25.8,33.3,8.88,0.4049
2005-02-28,0.0,13.612,25.4,34.65,8.8,0.4013
2005-03-01,0.0,15.453,26.2,37.07,8.72,0.3976
2005-03-02,0.0,10.916,27.86,33.95,8.64,0.394
2005-03-03,11.624,10.966,25.72,32.27,9.76,0.445
2005-03-04,14.724,10.99,24.65,31.43,11.44,0.5216
2005-03-05,1.936,13.208,25.43,34.2,12.72,0.58
2005-03-06,0.0,11.969,24.63,32.36,12.56,0.5727
2005-03-07,3.473,11.738,24.94,32.35,11.6,0.5289
2005-03-08,1.908,13.124,24.22,33.17,10.67,0.4865
2005-03-09,0.0,14.258,24.64,34.61,9.997,0.4558
2005-03-10,0.0,14.949,24.52,35.22,9.57,0.4364
2005-03-11,0.0,15.18,24.07,35.12,9.12,0.4159
2005-03-12,0.0,15.135,24.84,35.61,8.88,0.4049
2005-03-13,0.0,15.879,25.12,36.56,8.56,0.3903
2005-03-14,0.0,15.397,25.16,36.08,8.4,0.383
2005-03-15,1.104,13.972,24.25,33.98,8.16,0.3721
2005-03-16,0.0,14.307,23.94,34.09,8.08,0.3684
2005-03-17,8.321,13.941,25.16,34.6,8.0,0.3648
2005-03-18,0.0,12.223,24.84,32.66,7.98,0.3639
2005-03-19,6.626,12.568,24.67,32.86,7.96,0.363
2005-03-20,6.76,12.587,23.82,32.24,8.25,0.3762
2005-03-21,6.797,13.391,23.48,32.8,8.4,0.383
2005-03-22,0.284,12.868,23.41,32.21,8.32,0.3794
2005-03-23,7.302,9.377,25.93,30.87,8.723,0.3978
2005-03-24,3.128,8.862,24.45,29.18,9.36,0.4268
2005-03-25,0.097,14.072,23.93,33.8,9.28,0.4232
2005-03-26,2.452,9.419,24.39,29.64,9.203,0.4196
2005-03-27,7.411,13.153,23.43,32.5,9.563,0.4361
2005-03-28,0.0,12.758,25.03,33.3,10.67,0.4865
2005-03-29,0.0,13.083,23.93,32.81,10.77,0.4911
2005-03-30,1.298,13.102,24.5,33.25,10.07,0.4592
2005-03-31,7.415,12.493,24.09,32.34,9.353,0.4265
2005-04-01,8.467,12.117,24.07,31.96,12.53,0.5713
2005-04-02,14.557,11.095,24.34,31.18,9.92,0.4523
2005-04-03,14.997,11.889,24.7,32.23,9.76,0.445
2005-04-04,9.663,10.774,25.48,31.78,10.72,0.4888
2005-04-05,13.81,10.028,24.27,30.12,10.25,0.4674
2005-04-06,29.328,9.614,24.05,29.56,16.13,0.7355
2005-04-07,10.821,10.685,24.33,30.8,18.34,0.8363
2005-04-08,0.0,12.671,24.19,32.64,21.73,0.9909
2005-04-09,12.707,9.812,24.33,29.98,31.4,1.4318
2005-04-10,21.717,9.973,24.23,30.06,34.62,1.5786
2005-04-11,2.343,11.682,24.21,31.7,48.59,2.2156
2005-04-12,42.78,10.584,24.64,30.98,55.3,2.5216
2005-04-13,11.354,9.887,24.37,30.11,59.83,2.7282
2005-04-14,0.0,10.085,24.94,30.77,74.22,3.3843
2005-04-15,50.643,9.804,24.78,30.39,105.3,4.8015
2005-04-16,0.0,11.602,23.94,31.46,111.7,5.0934
2005-04-17,39.707,8.79,24.54,29.28,100.2,4.569
2005-04-18,14.653,10.897,24.16,30.96,101.5,4.6282
2005-04-19,11.271,11.124,24.67,31.59,131.0,5.9734
2005-04-20,29.23,8.839,25.06,29.77,144.8,6.6027
2005-04-21,14.375,10.188,25.25,31.18,146.3,6.6711
2005-04-22,21.661,10.23,24.79,30.86,145.3,6.6255
2005-04-23,11.346,9.627,24.41,30.0,134.7,6.1421
2005-04-24,2.144,11.46,24.51,31.86,111.6,5.0888
2005-04-25,32.045,10.423,24.59,30.91,91.38,4.1668
2005-04-26,4.718,12.715,24.51,33.14,81.24,3.7044
2005-04-27,13.263,9.734,24.85,30.5,140.6,6.4111
2005-04-28,5.868,11.208,24.19,31.41,126.8,5.7819
2005-04-29,4.929,8.499,25.04,29.54,118.9,5.4217
2005-04-30,10.972,10.093,23.45,29.76,106.9,4.8745
2005-05-01,2.426,11.918,23.36,31.55,101.2,4.6146
2005-05-02,25.13,9.266,23.78,29.24,93.36,4.2571
2005-05-03,0.0,11.749,23.35,31.4,87.85,4.0058
2005-05-04,47.413,9.086,23.87,29.17,132.3,6.0327
2005-05-05,14.079,10.004,24.81,30.82,152.0,6.931
2005-05-06,29.623,10.429,23.79,30.44,157.8,7.1954
2005-05-07,0.0,11.358,24.09,31.62,164.8,7.5146
2005-05-08,0.0,11.495,23.36,31.23,169.6,7.7335
2005-05-09,18.317,10.514,23.59,30.41,171.0,7.7973
2005-05-10,20.327,7.329,23.21,27.05,173.2,7.8977
2005-05-11,0.0,10.477,23.6,30.41,172.3,7.8566
2005-05-12,43.053,9.676,24.5,30.34,180.7,8.2396
2005-05-13,3.267,9.487,24.56,30.22,221.7,10.1092
2005-05-14,10.081,10.033,23.99,30.32,252.8,11.5273
2005-05-15,2.99,9.456,24.39,30.07,243.2,11.0896
2005-05-16,0.0,9.503,24.56,30.27,231.9,10.5743
2005-05-17,14.554,7.887,24.09,28.37,206.6,9.4206
2005-05-18,0.0,9.634,24.64,30.49,188.4,8.5908
2005-05-19,23.569,9.414,24.75,30.38,181.6,8.2807
2005-05-20,6.204,12.073,24.78,33.09,165.2,7.5329
2005-05-21,5.477,10.921,24.13,31.42,160.0,7.2958
2005-05-22,8.986,9.292,24.52,30.11,152.0,6.931
2005-05-23,32.593,9.265,23.96,29.64,131.1,5.978
2005-05-24,0.217,10.74,24.09,31.25,125.7,5.7317
2005-05-25,0.0,10.528,25.16,31.88,119.6,5.4536
2005-05-26,22.916,8.829,25.14,30.21,117.8,5.3715
2005-05-27,12.224,10.229,23.53,30.32,113.8,5.1891
2005-05-28,1.883,8.606,23.83,28.93,112.0,5.107
2005-05-29,12.983,10.748,23.64,30.96,123.6,5.636
2005-05-30,10.651,8.004,24.02,28.54,128.6,5.864
2005-05-31,6.844,6.826,23.98,27.44,129.7,5.9141
2005-06-01,1.113,10.775,23.1,30.61,136.2,6.2105
2005-06-02,8.714,9.204,22.82,28.76,145.0,6.6118
2005-06-03,56.444,7.299,23.74,27.68,154.2,7.0313
2005-06-04,0.481,9.163,23.36,29.17,163.9,7.4736
2005-06-05,6.971,10.171,23.67,30.46,169.6,7.7335
2005-06-06,0.0,9.592,23.59,29.8,172.7,7.8749
2005-06-07,17.671,8.583,23.65,28.84,176.7,8.0573
2005-06-08,1.581,11.239,23.76,31.68,179.6,8.1895
2005-06-09,44.69,7.28,23.42,27.41,193.1,8.8051
2005-06-10,0.0,9.666,23.92,30.17,210.2,9.5848
2005-06-11,0.445,9.892,23.46,30.05,208.2,9.4936
2005-06-12,23.956,9.469,23.12,29.35,196.7,8.9692
2005-06-13,24.327,10.675,22.92,30.47,187.4,8.5452
2005-06-14,10.904,8.067,24.21,28.84,181.6,8.2807
2005-06-15,11.552,8.824,24.1,29.49,174.5,7.9569
2005-06-16,21.02,9.472,23.7,29.82,166.6,7.5967
2005-06-17,0.0,10.547,23.58,30.86,150.7,6.8717
2005-06-18,10.536,11.123,23.11,31.12,134.8,6.1467
2005-06-19,10.963,6.839,23.8,27.36,128.6,5.864
2005-06-20,44.89,5.836,23.65,26.36,131.8,6.0099
2005-06-21,40.216,8.85,22.39,28.14,133.6,6.092
2005-06-22,0.0,8.592,23.62,28.88,137.5,6.2698
2005-06-23,1.524,9.844,22.7,29.44,144.6,6.5935
2005-06-24,3.624,7.773,23.19,27.72,152.0,6.931
2005-06-25,0.0,10.027,23.01,29.87,162.6,7.4143
2005-06-26,17.651,8.451,22.87,28.12,169.6,7.7335
2005-06-27,7.437,9.592,23.01,29.41,165.2,7.5329
2005-06-28,0.0,10.159,23.72,30.56,160.4,7.314
2005-06-29,54.732,6.488,23.97,27.2,157.3,7.1726
2005-06-30,0.214,8.561,23.47,28.72,156.0,7.1134
2005-07-01,0.0,9.65,23.09,29.52,152.9,6.972
2005-07-02,0.0,8.401,23.25,28.37,148.5,6.7714
2005-07-03,0.0,10.29,23.26,30.32,144.6,6.5935
2005-07-04,1.001,10.746,22.64,30.34,137.2,6.2561
2005-07-05,27.091,10.097,24.02,30.7,128.2,5.8457
2005-07-06,5.424,8.971,23.46,29.1,103.0,4.6966
2005-07-07,32.581,8.696,23.25,28.64,114.6,5.2256
2005-07-08,0.0,8.999,22.44,28.3,127.9,5.832
2005-07-09,0.0,9.125,22.27,28.28,136.2,6.2105
2005-07-10,0.0,9.783,22.78,29.38,147.6,6.7303
2005-07-11,0.0,7.003,22.57,26.41,133.1,6.0692
2005-07-12,0.0,7.635,22.83,27.22,123.9,5.6497
2005-07-13,0.0,10.991,21.86,29.94,118.5,5.4034
2005-07-14,0.0,11.144,23.04,30.98,110.2,5.025
2005-07-15,0.78,11.305,22.38,30.65,76.25,3.4769
2005-07-16,54.229,7.547,23.9,28.02,62.62,2.8554
2005-07-17,6.319,10.748,23.13,30.6,52.5,2.3939
2005-07-18,25.955,8.289,23.8,28.62,68.25,3.1121
2005-07-19,15.516,6.239,23.26,26.28,82.63,3.7678
2005-07-20,0.0,7.145,22.73,26.62,136.0,6.2014
2005-07-21,0.0,8.806,22.25,27.84,154.7,7.0541
2005-07-22,0.0,8.572,23.01,28.22,171.8,7.8338
2005-07-23,2.832,9.869,22.18,28.87,175.4,7.998
2005-07-24,53.358,7.868,23.09,27.57,184.8,8.4266
2005-07-25,0.0,10.092,22.84,29.59,170.5,7.7745
2005-07-26,0.0,9.748,23.39,29.66,166.6,7.5967
2005-07-27,11.447,7.679,23.95,28.1,162.6,7.4143
2005-07-28,13.705,7.588,23.62,27.73,163.9,7.4736
2005-07-29,0.0,9.411,23.19,29.12,162.6,7.4143
2005-07-30,0.0,8.662,23.69,28.78,161.3,7.355
2005-07-31,0.0,10.346,22.94,29.86,163.5,7.4554
2005-08-01,36.144,9.834,23.0,29.37,165.2,7.5329
2005-08-02,0.42,10.162,23.34,29.96,167.0,7.6149
2005-08-03,27.156,9.51,22.87,28.91,168.8,7.697
2005-08-04,19.809,9.735,22.68,28.98,183.6,8.3719
2005-08-05,0.0,7.95,22.89,27.38,200.9,9.1607
2005-08-06,0.0,9.472,23.2,29.1,187.9,8.568
2005-08-07,2.965,9.178,22.39,28.15,179.6,8.1895
2005-08-08,31.485,9.201,22.61,28.34,187.9,8.568
2005-08-09,19.012,10.365,23.63,30.3,206.6,9.4206
2005-08-10,0.0,7.695,23.57,27.68,210.8,9.6122
2005-08-11,0.0,7.737,22.66,26.93,203.0,9.2565
2005-08-12,0.0,10.619,21.77,29.09,195.7,8.9236
2005-08-13,0.0,9.912,23.19,29.45,182.7,8.3308
2005-08-14,16.144,10.391,22.33,29.26,165.2,7.5329
2005-08-15,25.817,9.224,22.51,28.21,175.4,7.998
2005-08-16,6.493,9.439,22.86,28.68,190.0,8.6637
2005-08-17,1.591,11.629,23.02,31.02,201.9,9.2063
2005-08-18,33.552,10.266,21.45,28.4,200.4,9.1379
2005-08-19,3.483,7.847,22.39,26.75,194.1,8.8507
2005-08-20,0.195,9.673,23.31,29.24,180.1,8.2123
2005-08-21,0.0,10.882,23.15,30.3,167.0,7.6149
2005-08-22,2.008,10.013,23.54,29.73,158.2,7.2137
2005-08-23,0.764,12.393,23.33,31.97,167.4,7.6332
2005-08-24,26.327,9.298,23.24,28.78,169.6,7.7335
2005-08-25,6.933,10.244,23.18,29.65,162.2,7.3961
2005-08-26,0.0,11.751,22.4,30.57,155.6,7.0951
2005-08-27,6.068,11.991,21.32,30.02,152.5,6.9538
2005-08-28,5.659,11.202,22.4,29.98,148.1,6.7531
2005-08-29,0.0,10.628,23.77,30.46,130.9,5.9688
2005-08-30,14.805,11.123,23.07,30.4,118.5,5.4034
2005-08-31,11.883,9.915,24.07,29.99,107.7,4.911
2005-09-01,1.737,10.814,23.65,30.53,102.3,4.6647
2005-09-02,1.896,9.842,23.51,29.46,95.97,4.3761
2005-09-03,18.252,10.327,21.78,28.57,110.2,5.025
2005-09-04,2.756,11.643,22.44,30.42,119.2,5.4353
2005-09-05,6.89,9.656,23.57,29.31,128.6,5.864
2005-09-06,17.827,9.514,23.61,29.22,123.9,5.6497
2005-09-07,7.304,9.328,23.59,29.01,124.3,5.6679
2005-09-08,0.0,10.913,23.7,30.62,124.6,5.6816
2005-09-09,16.146,10.771,22.25,29.36,114.9,5.2393
2005-09-10,0.0,10.635,22.8,29.64,109.2,4.9794
2005-09-11,12.852,9.111,23.34,28.59,95.32,4.3464
2005-09-12,4.734,9.886,23.19,29.21,87.83,4.0049
2005-09-13,7.985,9.37,22.7,28.31,87.48,3.989
2005-09-14,8.689,8.804,22.58,27.68,86.82,3.9589
2005-09-15,0.0,9.117,22.53,27.94,87.64,3.9963
2005-09-16,0.0,8.665,23.38,28.2,89.48,4.0802
2005-09-17,0.0,10.409,23.11,29.66,80.08,3.6515
2005-09-18,0.0,9.755,22.62,28.63,63.54,2.8973
2005-09-19,0.396,9.291,23.33,28.75,56.07,2.5567
2005-09-20,3.298,12.675,22.55,31.53,53.18,2.4249
2005-09-21,0.088,12.807,22.98,31.99,56.18,2.5617
2005-09-22,14.122,10.414,22.63,29.3,60.84,2.7742
2005-09-23,9.612,11.593,23.32,31.01,70.29,3.2051
2005-09-24,7.775,11.592,24.13,31.63,78.1,3.5612
2005-09-25,4.023,12.011,24.59,32.4,78.52,3.5804
2005-09-26,0.0,12.601,22.26,31.27,76.71,3.4979
2005-09-27,26.677,9.835,24.23,30.02,108.6,4.952
2005-09-28,8.787,10.534,22.51,29.35,128.8,5.8731
2005-09-29,0.0,10.851,21.98,29.27,120.5,5.4946
2005-09-30,1.157,11.845,23.26,31.27,95.18,4.3401
2005-10-01,15.863,10.009,24.96,30.8,85.41,3.8946
2005-10-02,4.901,10.904,23.5,30.52,77.8,3.5476
2005-10-03,7.609,11.009,24.07,31.07,84.6,3.8576
2005-10-04,3.549,12.525,24.25,32.74,81.58,3.7199
2005-10-05,0.429,12.015,22.98,31.28,74.63,3.403
2005-10-06,23.757,11.376,24.27,31.62,71.28,3.2503
2005-10-07,11.878,12.643,22.55,31.64,72.7,3.315
2005-10-08,4.685,12.155,22.51,31.11,89.05,4.0605
2005-10-09,13.657,10.784,22.73,29.87,91.09,4.1536
2005-10-10,0.0,12.215,23.48,31.92,78.87,3.5964
2005-10-11,9.328,9.654,23.52,29.39,93.78,4.2762
2005-10-12,23.961,10.427,24.42,30.87,143.0,6.5206
2005-10-13,4.459,11.747,23.98,31.86,242.9,11.0759
2005-10-14,6.721,10.818,24.37,31.24,263.5,12.0152
2005-10-15,16.276,8.665,24.04,28.91,241.9,11.0303
2005-10-16,9.986,9.477,24.28,29.89,212.3,9.6806
2005-10-17,0.0,10.365,24.91,31.26,172.7,7.8749
2005-10-18,1.162,10.683,24.08,30.94,120.9,5.5129
2005-10-19,1.989,10.862,23.38,30.59,86.47,3.9429
2005-10-20,20.163,10.431,22.62,29.58,77.36,3.5275
2005-10-21,0.0,12.823,23.04,32.42,71.27,3.2498
2005-10-22,17.612,9.883,24.62,30.64,77.95,3.5544
2005-10-23,1.006,11.263,24.52,31.94,84.29,3.8435
2005-10-24,22.801,10.264,23.79,30.38,95.12,4.3373
2005-10-25,36.345,9.919,23.74,30.01,128.8,5.8731
2005-10-26,0.0,11.21,23.09,30.85,168.6,7.6879
2005-10-27,0.0,11.368,24.04,31.75,186.3,8.495
2005-10-28,5.155,10.627,24.03,31.0,209.9,9.5711
2005-10-29,50.556,9.544,24.67,30.44,209.7,9.562
2005-10-30,0.0,11.12,24.22,31.69,203.4,9.2747
2005-10-31,9.912,9.129,25.13,30.44,204.3,9.3158
2005-11-01,27.978,7.225,24.13,27.86,195.1,8.8963
2005-11-02,2.999,10.209,23.56,30.3,184.4,8.4084
2005-11-03,8.65,9.56,22.91,29.14,185.5,8.4585
2005-11-04,22.075,9.473,23.74,29.72,183.9,8.3856
2005-11-05,0.0,9.845,24.03,30.34,181.7,8.2852
2005-11-06,19.062,8.19,23.96,28.67,166.8,7.6058
2005-11-07,0.0,10.365,23.7,30.65,162.7,7.4189
2005-11-08,2.013,10.588,22.26,29.8,169.4,7.7244
2005-11-09,15.344,8.626,23.45,28.72,175.4,7.998
2005-11-10,23.841,8.878,24.24,29.62,178.2,8.1256
2005-11-11,12.409,8.488,24.02,29.07,185.9,8.4768
2005-11-12,3.061,10.677,24.41,31.62,216.6,9.8766
2005-11-13,43.743,8.015,24.22,28.81,223.7,10.2004
2005-11-14,1.36,10.096,24.27,30.94,222.7,10.1548
2005-11-15,0.0,10.106,24.1,30.84,224.1,10.2186
2005-11-16,14.982,10.92,23.91,31.56,219.5,10.0089
2005-11-17,3.333,11.474,23.55,31.9,205.9,9.3887
2005-11-18,0.0,10.257,24.56,31.4,193.9,8.8415
2005-11-19,0.12,9.197,24.77,30.49,173.3,7.9022
2005-11-20,0.889,10.475,24.14,31.33,155.4,7.086
2005-11-21,15.769,9.503,23.57,29.88,140.3,6.3975
2005-11-22,0.0,11.161,23.51,31.62,127.9,5.832
2005-11-23,0.339,8.845,24.08,29.63,113.0,5.1526
2005-11-24,11.727,10.048,24.48,31.2,93.75,4.2749
2005-11-25,0.0,10.673,24.25,31.7,78.88,3.5968
2005-11-26,0.0,9.79,24.9,31.28,67.79,3.0911
2005-11-27,0.0,11.459,23.02,31.66,61.57,2.8075
2005-11-28,0.0,12.601,21.78,32.08,53.48,2.4386
2005-11-29,0.0,12.168,21.71,31.55,82.63,3.7678
2005-11-30,0.0,11.505,23.25,31.93,60.86,2.7751
2005-12-01,0.0,11.673,22.7,31.72,39.08,1.782
2005-12-02,0.0,11.23,22.73,31.26,36.2,1.6507
2005-12-03,0.0,10.689,23.89,31.54,33.86,1.544
2005-12-04,0.0,10.079,24.61,31.45,32.6,1.4865
2005-12-05,0.053,10.504,24.42,31.77,31.7,1.4455
2005-12-06,0.0,10.658,24.58,32.06,30.26,1.3798
2005-12-07,0.0,10.524,24.7,32.02,28.61,1.3046
2005-12-08,0.0,9.528,24.86,31.09,27.7,1.2631
2005-12-09,0.0,11.2,24.32,32.49,26.92,1.2275
2005-12-10,0.0,10.006,25.56,32.16,26.27,1.1979
2005-12-11,0.0,7.112,23.74,27.76,25.49,1.1623
2005-12-12,5.291,9.537,23.41,29.98,24.06,1.0971
2005-12-13,0.0,10.62,23.58,31.3,23.54,1.0734
2005-12-14,0.0,11.466,23.19,31.96,23.15,1.0556
2005-12-15,0.0,11.474,22.76,31.66,22.5,1.026
2005-12-16,0.0,10.955,23.91,31.93,21.85,0.9963
2005-12-17,0.0,11.433,24.01,32.54,20.94,0.9548
2005-12-18,0.0,10.191,24.52,31.57,20.16,0.9193
2005-12-19,0.0,11.118,22.94,31.39,19.38,0.8837
2005-12-20,0.0,11.164,21.64,30.48,18.73,0.8541
2005-12-21,0.0,8.744,23.86,29.51,18.08,0.8244
2005-12-22,6.057,9.801,23.28,30.18,17.43,0.7948
2005-12-23,0.0,9.132,24.27,30.24,16.78,0.7651
2005-12-24,0.0,11.854,23.62,32.72,16.13,0.7355
2005-12-25,0.0,12.869,22.57,33.12,16.13,0.7355
2005-12-26,1.751,10.805,24.69,32.34,15.92,0.7259
2005-12-27,0.0,12.693,22.63,32.94,15.76,0.7186
2005-12-28,0.0,13.679,21.94,33.59,15.44,0.704
2005-12-29,0.0,14.535,20.82,33.84,15.2,0.6931
2005-12-30,0.0,13.228,22.6,33.51,15.04,0.6858
2005-12-31,0.0,14.406,22.4,34.73,14.88,0.6785
2006-01-01,0.0,13.189,21.82,32.9,14.72,0.6712
2006-01-02,0.0,14.554,22.03,34.63,14.72,0.6712
2006-01-03,0.423,11.357,24.71,32.9,14.48,0.6603
2006-01-04,0.0,9.988,25.3,31.88,14.4,0.6566
2006-01-05,26.005,7.96,23.56,28.39,13.76,0.6274
2006-01-06,0.151,10.441,23.52,30.96,13.92,0.6347
2006-01-07,0.035,10.177,23.42,30.58,14.13,0.6443
2006-01-08,0.0,10.046,23.73,30.67,14.12,0.6439
2006-01-09,0.0,11.794,22.69,31.8,13.84,0.6311
2006-01-10,0.0,12.352,22.56,32.32,13.52,0.6165
2006-01-11,0.0,12.126,23.54,32.77,13.2,0.6019
2006-01-12,0.0,12.817,23.55,33.53,12.88,0.5873
2006-01-13,0.0,13.044,23.29,33.58,12.4,0.5654
2006-01-14,0.051,14.188,21.28,33.47,12.08,0.5508
2006-01-15,0.0,10.983,23.8,31.64,11.52,0.5253
2006-01-16,2.31,10.978,23.71,31.54,11.28,0.5144
2006-01-17,0.0,10.83,23.43,31.15,11.12,0.5071
2006-01-18,0.0,11.853,23.4,32.23,10.96,0.4998
2006-01-19,0.0,13.301,21.77,32.66,10.8,0.4925
2006-01-20,0.0,13.234,21.38,32.29,10.64,0.4852
2006-01-21,0.0,15.532,20.67,34.44,10.32,0.4706
2006-01-22,0.0,11.119,24.5,32.18,10.08,0.4596
2006-01-23,9.757,8.536,24.79,29.77,9.92,0.4523
2006-01-24,0.119,10.705,22.86,30.45,10.61,0.4838
2006-01-25,0.0,9.938,23.12,29.82,11.2,0.5107
2006-01-26,12.125,9.121,23.15,28.98,14.54,0.663
2006-01-27,10.256,8.38,23.62,28.6,39.98,1.823
2006-01-28,21.344,7.924,23.2,27.8,68.51,3.124
2006-01-29,3.873,8.363,22.74,27.83,91.91,4.191
2006-01-30,0.0,10.515,22.54,29.89,109.5,4.993
2006-01-31,0.0,9.7,23.44,29.72,99.14,4.5206
2006-02-01,1.182,10.947,23.59,31.1,74.57,3.4003
2006-02-02,0.471,12.479,22.5,31.92,53.6,2.4441
2006-02-03,0.483,10.28,23.63,30.41,38.0,1.7327
2006-02-04,3.281,11.327,22.72,30.78,26.27,1.1979
2006-02-05,1.098,11.328,23.77,31.57,23.67,1.0793
2006-02-06,0.788,11.818,22.89,31.4,20.94,0.9548
2006-02-07,0.0,14.847,21.41,33.65,17.95,0.8185
2006-02-08,0.0,13.874,22.3,33.16,15.92,0.7259
2006-02-09,0.0,14.199,21.7,33.06,15.28,0.6967
2006-02-10,0.0,14.603,22.51,34.04,14.4,0.6566
2006-02-11,0.0,12.826,23.1,32.52,13.28,0.6055
2006-02-12,0.0,11.994,23.29,31.75,12.72,0.58
2006-02-13,0.0,14.537,23.01,34.24,12.56,0.5727
2006-02-14,0.0,14.673,23.78,34.9,12.08,0.5508
2006-02-15,0.0,14.272,22.92,33.84,11.6,0.5289
2006-02-16,0.0,14.985,23.04,34.66,11.44,0.5216
2006-02-17,0.0,14.651,24.23,35.12,11.28,0.5144
2006-02-18,0.0,13.871,23.4,33.68,10.8,0.4925
2006-02-19,0.0,12.413,25.73,33.87,10.48,0.4779
2006-02-20,0.0,13.186,24.91,34.02,10.16,0.4633
2006-02-21,0.0,13.979,22.87,33.34,9.92,0.4523
2006-02-22,0.0,13.813,23.75,33.77,9.92,0.4523
2006-02-23,0.0,12.806,25.47,34.0,9.76,0.445
2006-02-24,0.0,14.025,24.29,34.35,9.52,0.4341
2006-02-25,0.0,14.508,25.1,35.4,9.28,0.4232
2006-02-26,0.0,14.132,25.62,35.38,9.04,0.4122
2006-02-27,0.0,13.02,24.67,33.53,8.96,0.4086
2006-02-28,0.0,11.461,26.14,33.11,8.8,0.4013
2006-03-01,0.0,14.019,25.73,35.29,8.64,0.394
2006-03-02,0.0,13.708,25.76,34.98,8.32,0.3794
2006-03-03,0.0,13.99,26.08,35.49,8.32,0.3794
2006-03-04,17.184,12.337,26.43,34.12,8.32,0.3794
2006-03-05,12.517,10.352,24.31,30.54,9.12,0.4159
2006-03-06,3.876,9.986,24.52,30.35,11.54,0.5262
2006-03-07,14.951,6.746,24.59,27.58,15.25,0.6954
2006-03-08,0.0,10.856,24.17,30.89,15.49,0.7063
2006-03-09,16.27,8.707,24.19,28.88,14.62,0.6666
2006-03-10,0.0,12.247,25.0,32.86,13.01,0.5932
2006-03-11,0.0,13.745,23.2,33.02,12.71,0.5796
2006-03-12,0.0,15.032,22.68,33.99,12.98,0.5919
2006-03-13,0.0,14.345,23.63,33.93,12.55,0.5723
2006-03-14,0.044,14.712,24.61,35.0,11.69,0.533
2006-03-15,0.0,14.075,24.56,34.31,11.1,0.5061
2006-03-16,5.234,10.06,25.7,31.3,10.24,0.4669
2006-03-17,4.949,11.333,25.08,31.99,9.92,0.4523
2006-03-18,1.08,14.205,25.05,34.77,9.84,0.4487
2006-03-19,0.0,13.329,24.98,33.85,9.76,0.445
2006-03-20,7.111,9.696,25.71,30.97,9.92,0.4523
2006-03-21,5.032,11.24,24.26,31.25,10.72,0.4888
2006-03-22,13.2,8.227,24.07,28.3,11.92,0.5435
2006-03-23,1.919,11.434,23.86,31.12,11.68,0.5326
2006-03-24,8.665,10.597,24.33,30.68,11.52,0.5253
2006-03-25,19.015,9.416,24.12,29.4,11.52,0.5253
2006-03-26,13.326,9.537,24.52,29.85,11.76,0.5362
2006-03-27,11.177,10.596,23.94,30.37,12.96,0.591
2006-03-28,11.542,10.843,23.87,30.55,16.29,0.7428
2006-03-29,0.0,11.478,24.87,31.94,20.42,0.9311
2006-03-30,0.0,13.978,22.45,32.65,24.19,1.103
2006-03-31,0.0,12.81,23.62,32.31,22.11,1.0082
2006-04-01,0.0,12.744,25.19,33.42,19.25,0.8778
2006-04-02,12.34,12.793,24.2,32.73,15.12,0.6894
2006-04-03,5.614,10.811,24.1,30.72,14.0,0.6384
2006-04-04,20.045,11.99,24.74,32.36,14.96,0.6822
2006-04-05,6.509,10.64,25.21,31.44,15.76,0.7186
2006-04-06,10.564,12.813,24.86,33.27,17.69,0.8066
2006-04-07,27.936,8.952,23.96,28.88,19.25,0.8778
2006-04-08,8.063,11.934,24.36,32.03,21.08,0.9612
2006-04-09,12.765,13.61,24.07,33.5,29.65,1.352
2006-04-10,0.0,13.369,25.01,33.97,41.75,1.9037
2006-04-11,0.0,12.914,25.06,33.56,35.11,1.601
2006-04-12,1.161,11.538,25.43,32.51,27.33,1.2462
2006-04-13,8.269,12.078,25.09,32.78,21.47,0.979
2006-04-14,5.653,10.469,24.56,30.82,18.26,0.8326
2006-04-15,6.462,9.776,24.59,30.21,15.35,0.6999
2006-04-16,0.135,10.896,24.26,31.02,14.23,0.6489
2006-04-17,15.495,8.344,24.87,29.16,17.69,0.8066
2006-04-18,33.903,12.057,24.08,32.04,19.51,0.8896
2006-04-19,0.0,11.219,24.09,31.23,21.07,0.9608
2006-04-20,19.97,9.199,24.32,29.49,27.23,1.2416
2006-04-21,2.995,9.677,24.14,29.8,33.5,1.5275
2006-04-22,18.363,10.155,24.23,30.34,34.94,1.5932
2006-04-23,14.502,7.028,24.52,27.79,38.36,1.7492
2006-04-24,3.689,9.21,24.35,29.56,43.4,1.979
2006-04-25,18.758,12.934,23.44,32.56,54.7,2.4942
2006-04-26,17.928,10.193,23.91,30.17,63.5,2.8955
2006-04-27,22.994,9.411,24.02,29.51,68.26,3.1126
2006-04-28,1.324,9.949,23.96,29.99,75.38,3.4372
2006-04-29,1.582,10.787,23.52,30.48,79.44,3.6223
2006-04-30,7.472,8.571,24.47,29.14,75.6,3.4472
2006-05-01,0.617,10.66,24.0,30.76,66.19,3.0182
2006-05-02,1.404,9.986,24.1,30.19,55.67,2.5385
2006-05-03,0.0,9.038,24.3,29.46,60.86,2.7751
2006-05-04,57.192,9.473,23.48,29.23,68.12,3.1062
2006-05-05,0.0,8.102,23.07,27.59,71.51,3.2607
2006-05-06,5.212,10.514,24.21,30.85,82.9,3.7801
2006-05-07,2.99,7.886,24.85,28.92,92.8,4.2315
2006-05-08,16.749,9.651,24.26,30.07,123.2,5.6177
2006-05-09,24.49,7.853,23.7,27.93,138.0,6.2926
2006-05-10,52.629,8.885,23.44,28.7,161.3,7.355
2006-05-11,0.111,6.956,23.71,27.16,170.5,7.7745
2006-05-12,0.0,9.755,22.68,28.97,176.2,8.0345
2006-05-13,0.0,11.278,22.6,30.5,184.8,8.4266
2006-05-14,0.0,11.221,23.14,30.87,177.6,8.0983
2006-05-15,10.783,8.997,24.29,29.56,157.3,7.1726
2006-05-16,0.384,9.495,23.82,29.67,149.4,6.8124
2006-05-17,15.987,11.172,23.44,31.09,133.8,6.1011
2006-05-18,5.893,9.1,23.78,29.27,110.6,5.0432
2006-05-19,13.488,8.245,23.4,28.14,95.68,4.3629
2006-05-20,0.0,10.805,22.75,30.23,86.4,3.9397
2006-05-21,0.0,11.592,23.34,31.52,82.34,3.7546
2006-05-22,0.0,12.427,22.39,31.73,77.99,3.5562
2006-05-23,51.403,9.076,23.59,29.15,55.14,2.5143
2006-05-24,14.55,6.258,23.28,26.29,47.44,2.1632
2006-05-25,0.0,7.969,23.13,27.72,63.06,2.8754
2006-05-26,13.978,8.504,23.0,28.14,101.2,4.6146
2006-05-27,0.0,10.512,22.43,29.76,120.3,5.4855
2006-05-28,39.226,10.447,23.33,30.4,164.4,7.4964
2006-05-29,1.145,10.709,22.51,30.06,194.6,8.8735
2006-05-30,6.454,8.906,24.46,29.76,205.0,9.3477
2006-05-31,11.521,9.663,23.69,29.91,226.4,10.3235
2006-06-01,18.224,7.505,23.6,27.73,229.6,10.4694
2006-06-02,1.906,10.537,22.2,29.68,221.2,10.0864
2006-06-03,17.136,11.123,23.42,31.25,224.4,10.2323
2006-06-04,11.577,9.069,24.32,29.85,248.6,11.3358
2006-06-05,22.532,9.821,22.8,29.41,257.6,11.7462
2006-06-06,15.98,9.821,23.4,29.89,247.4,11.2811
2006-06-07,41.335,8.852,23.43,28.93,226.4,10.3235
2006-06-08,55.318,5.077,23.77,25.86,221.2,10.0864
2006-06-09,1.06,8.409,23.14,28.27,221.7,10.1092
2006-06-10,0.0,8.751,23.89,29.22,245.6,11.199
2006-06-11,21.129,9.182,23.24,29.14,253.4,11.5547
2006-06-12,44.396,8.202,23.28,28.19,263.0,11.9924
2006-06-13,6.63,9.678,23.04,29.51,269.0,12.266
2006-06-14,22.064,7.383,23.44,27.54,266.6,12.1566
2006-06-15,18.644,7.846,22.76,27.42,263.6,12.0198
2006-06-16,4.27,9.198,22.84,28.86,263.8,12.0289
2006-06-17,30.534,8.501,23.28,28.5,254.6,11.6094
2006-06-18,9.676,9.641,22.84,29.33,249.1,11.3586
2006-06-19,0.0,9.608,23.17,29.55,245.6,11.199
2006-06-20,0.0,8.085,23.77,28.5,243.2,11.0896
2006-06-21,25.008,8.476,23.2,28.41,233.0,10.6244
2006-06-22,7.013,9.68,23.05,29.54,228.0,10.3965
2006-06-23,2.171,9.236,23.56,29.48,237.8,10.8433
2006-06-24,0.0,9.141,23.33,29.2,247.4,11.2811
2006-06-25,0.0,7.152,23.4,27.3,230.2,10.4968
2006-06-26,13.178,9.261,23.37,29.36,218.6,9.9678
2006-06-27,14.853,7.677,23.51,27.89,208.7,9.5164
2006-06-28,22.635,9.076,23.14,28.98,204.5,9.3249
2006-06-29,2.484,6.975,23.26,27.01,216.5,9.8721
2006-06-30,5.72,9.1,23.98,29.67,221.2,10.0864
2006-07-01,0.94,9.127,24.42,30.05,210.2,9.5848
2006-07-02,8.528,8.592,23.59,28.84,203.5,9.2793
2006-07-03,42.011,7.456,23.38,27.56,209.2,9.5392
2006-07-04,0.0,8.156,23.0,27.91,220.6,10.059
2006-07-05,0.0,6.572,23.32,26.69,222.2,10.132
2006-07-06,0.0,6.93,22.98,26.72,212.3,9.6806
2006-07-07,0.0,9.921,23.35,29.98,210.2,9.5848
2006-07-08,0.0,9.025,23.6,29.25,207.6,9.4662
2006-07-09,50.212,9.852,22.74,29.42,210.2,9.5848
2006-07-10,31.712,7.194,23.0,26.96,220.6,10.059
2006-07-11,17.964,8.818,23.42,28.88,257.0,11.7188
2006-07-12,9.534,10.232,23.16,30.12,257.0,11.7188
2006-07-13,7.469,9.508,23.29,29.47,261.2,11.9103
2006-07-14,11.407,8.84,23.73,29.14,257.0,11.7188
2006-07-15,28.625,7.105,23.07,26.91,248.6,11.3358
2006-07-16,1.121,6.837,23.25,26.81,235.4,10.7339
2006-07-17,0.0,8.279,22.59,27.62,222.7,10.1548
2006-07-18,3.664,5.659,23.14,25.7,208.7,9.5164
2006-07-19,0.0,5.351,22.46,24.84,198.3,9.0422
2006-07-20,0.0,8.915,21.13,27.07,190.5,8.6865
2006-07-21,0.0,7.27,22.93,26.91,172.3,7.8566
2006-07-22,0.256,8.771,22.3,27.84,150.7,6.8717
2006-07-23,26.841,8.208,23.54,28.28,136.2,6.2105
2006-07-24,48.307,7.967,23.94,28.4,142.4,6.4932
2006-07-25,13.322,9.435,23.44,29.39,160.4,7.314
2006-07-26,0.0,12.558,21.35,31.13,188.4,8.5908
2006-07-27,0.175,11.355,23.12,31.11,199.8,9.1106
2006-07-28,35.554,7.023,23.02,26.71,200.4,9.1379
2006-07-29,0.0,9.3,22.49,28.46,195.2,8.9008
2006-07-30,0.0,11.663,22.5,30.93,179.6,8.1895
2006-07-31,1.165,10.386,22.55,29.6,167.9,7.656
2006-08-01,12.301,9.41,22.97,28.91,152.5,6.9538
2006-08-02,26.053,9.154,23.13,28.78,145.4,6.63
2006-08-03,0.0,9.542,22.91,28.97,137.5,6.2698
2006-08-04,11.452,8.023,23.41,27.89,139.7,6.3701
2006-08-05,0.51,10.981,23.36,30.77,143.2,6.5297
2006-08-06,0.118,9.93,23.45,29.76,147.2,6.7121
2006-08-07,3.213,8.495,23.44,28.34,140.2,6.3929
2006-08-08,2.42,10.029,23.0,29.48,137.5,6.2698
2006-08-09,9.703,10.435,22.91,29.81,135.0,6.1558
2006-08-10,21.147,10.116,24.39,30.64,128.6,5.864
2006-08-11,26.416,8.614,23.28,28.28,129.7,5.9141
2006-08-12,0.0,8.893,23.36,28.6,130.8,5.9643
2006-08-13,0.0,8.989,22.97,28.37,132.6,6.0464
2006-08-14,0.125,10.499,23.02,29.9,130.8,5.9643
2006-08-15,23.813,9.234,23.35,28.9,126.8,5.7819
2006-08-16,28.979,8.239,22.99,27.64,126.8,5.7819
2006-08-17,24.738,11.729,23.03,31.13,130.4,5.946
2006-08-18,22.436,8.647,24.07,28.9,142.4,6.4932
2006-08-19,18.167,10.479,23.34,30.07,168.5,7.6833
2006-08-20,2.387,10.333,22.85,29.53,196.7,8.9692
2006-08-21,0.0,8.911,22.92,28.18,205.6,9.375
2006-08-22,0.0,10.042,22.58,29.0,201.9,9.2063
2006-08-23,10.403,10.421,22.86,29.59,197.2,8.992
2006-08-24,11.209,10.357,22.93,29.58,183.7,8.3764
2006-08-25,0.962,9.499,23.66,29.3,166.6,7.5967
2006-08-26,9.042,11.392,23.3,30.89,149.0,6.7942
2006-08-27,10.928,10.87,22.95,30.08,137.5,6.2698
2006-08-28,9.952,11.144,22.48,29.99,132.8,6.0555
2006-08-29,10.08,8.99,23.43,28.61,149.8,6.8307
2006-08-30,0.0,10.119,22.84,29.22,159.1,7.2547
2006-08-31,5.476,11.73,22.88,30.86,159.1,7.2547
2006-09-01,0.0,12.397,22.98,31.62,144.6,6.5935
2006-09-02,0.0,11.702,24.17,31.8,117.1,5.3396
2006-09-03,5.631,10.761,23.28,30.18,91.62,4.1777
2006-09-04,14.507,11.76,23.51,31.34,77.99,3.5562
2006-09-05,12.133,10.954,23.53,30.55,66.14,3.0159
2006-09-06,0.0,7.919,23.67,27.79,73.93,3.3711
2006-09-07,0.0,9.138,23.16,28.48,86.69,3.9529
2006-09-08,0.0,10.664,23.77,30.43,79.15,3.6091
2006-09-09,0.0,12.171,22.29,30.83,64.16,2.9256
2006-09-10,15.937,11.286,23.04,30.48,55.36,2.5243
2006-09-11,54.805,9.386,22.77,28.4,50.96,2.3237
2006-09-12,4.573,9.836,23.29,29.24,66.5,3.0323
2006-09-13,5.631,11.094,23.53,30.66,89.3,4.0719
2006-09-14,0.0,12.852,22.85,31.93,107.0,4.879
2006-09-15,0.0,10.519,23.61,30.15,112.8,5.1435
2006-09-16,18.97,8.164,22.96,27.4,132.4,6.0372
2006-09-17,0.088,8.542,22.55,27.41,145.0,6.6118
2006-09-18,9.527,9.397,22.62,28.28,151.6,6.9127
2006-09-19,6.46,10.919,22.86,29.97,133.3,6.0783
2006-09-20,0.125,11.373,23.53,30.94,107.7,4.911
2006-09-21,0.841,11.55,23.04,30.75,89.3,4.0719
2006-09-22,14.309,11.743,24.25,31.86,81.47,3.7149
2006-09-23,13.191,10.611,23.66,30.29,85.24,3.8868
2006-09-24,22.723,9.236,23.61,28.94,99.63,4.543
2006-09-25,7.239,10.977,23.35,30.43,116.0,5.2894
2006-09-26,0.0,11.859,22.11,30.39,130.0,5.9278
2006-09-27,0.0,12.37,22.77,31.41,137.2,6.2561
2006-09-28,8.019,10.483,23.59,30.14,140.6,6.4111
2006-09-29,8.747,9.379,23.57,29.07,134.4,6.1284
2006-09-30,1.416,12.111,22.98,31.32,121.8,5.5539
2006-10-01,16.981,9.407,23.27,28.86,118.3,5.3943
2006-10-02,0.0,10.165,24.01,30.19,110.2,5.025
2006-10-03,9.246,8.845,23.91,28.87,90.83,4.1417
2006-10-04,1.324,11.163,23.72,30.96,85.31,3.89
2006-10-05,0.281,10.586,24.32,30.87,89.17,4.066
2006-10-06,0.0,10.206,25.64,31.57,83.2,3.7938
2006-10-07,0.151,8.89,24.82,29.69,72.12,3.2886
2006-10-08,1.352,9.139,23.3,28.69,64.33,2.9334
2006-10-09,7.236,11.64,22.4,30.51,62.87,2.8668
2006-10-10,4.253,11.643,23.76,31.55,60.54,2.7605
2006-10-11,1.145,10.997,24.21,31.25,55.88,2.548
2006-10-12,9.936,10.569,24.77,31.28,56.63,2.5822
2006-10-13,3.538,10.946,23.89,30.98,55.52,2.5316
2006-10-14,18.849,11.077,24.77,31.81,59.17,2.6981
2006-10-15,12.16,11.402,25.06,32.37,85.99,3.921
2006-10-16,0.0,12.028,24.73,32.77,91.33,4.1645
2006-10-17,7.697,8.896,24.84,29.82,90.19,4.1125
2006-10-18,0.0,12.419,23.94,32.6,81.42,3.7126
2006-10-19,0.951,11.023,24.37,31.52,71.13,3.2434
2006-10-20,60.861,8.673,24.27,29.16,135.5,6.1786
2006-10-21,16.552,12.144,24.06,32.46,168.8,7.697
2006-10-22,26.34,10.175,24.32,30.68,196.0,8.9373
2006-10-23,68.486,7.977,24.49,28.75,266.0,12.1292
2006-10-24,0.0,11.307,23.56,31.27,285.2,13.0047
2006-10-25,17.349,11.468,24.89,32.47,301.9,13.7662
2006-10-26,18.357,10.314,24.35,30.91,319.4,14.5642
2006-10-27,5.372,10.862,24.33,31.46,343.2,15.6494
2006-10-28,0.0,11.358,24.27,31.94,309.6,14.1173
2006-10-29,8.759,11.055,24.51,31.83,264.2,12.0471
2006-10-30,1.06,10.989,24.65,31.89,239.6,10.9254
2006-10-31,0.0,9.534,25.02,30.75,218.0,9.9405
2006-11-01,0.756,10.933,25.14,32.25,175.5,8.0025
2006-11-02,0.0,11.643,24.28,32.34,128.5,5.8594
2006-11-03,0.0,10.617,25.02,31.87,89.3,4.0719
2006-11-04,0.722,11.357,24.33,32.12,73.64,3.3579
2006-11-05,7.054,10.431,25.06,31.75,85.53,3.9
2006-11-06,0.463,11.216,25.41,32.84,94.81,4.3232
2006-11-07,2.234,10.874,24.44,31.75,96.84,4.4158
2006-11-08,42.639,9.344,24.16,29.98,100.9,4.6009
2006-11-09,8.37,9.501,23.66,29.77,109.5,4.993
2006-11-10,16.74,8.766,24.36,29.61,129.3,5.8959
2006-11-11,3.182,11.282,24.12,32.02,147.6,6.7303
2006-11-12,24.198,6.894,23.35,27.01,146.8,6.6939
2006-11-13,12.618,9.476,23.2,29.43,134.9,6.1512
2006-11-14,7.971,8.367,23.8,28.8,128.6,5.864
2006-11-15,20.348,7.959,23.95,28.55,125.0,5.6998
2006-11-16,1.428,10.214,24.15,31.0,112.8,5.1435
2006-11-17,10.483,8.66,23.82,29.16,117.4,5.3533
2006-11-18,18.68,10.683,23.37,30.93,125.4,5.718
2006-11-19,5.432,9.252,23.11,29.22,129.3,5.8959
2006-11-20,15.766,9.812,23.39,30.04,139.7,6.3701
2006-11-21,4.531,10.544,24.07,31.37,143.7,6.5525
2006-11-22,0.759,10.906,23.93,31.66,134.5,6.133
2006-11-23,0.0,11.729,23.75,32.44,132.9,6.06
2006-11-24,11.009,9.107,24.84,30.52,135.3,6.1695
2006-11-25,16.592,10.112,24.53,31.32,136.2,6.2105
2006-11-26,0.0,11.369,24.09,32.34,135.3,6.1695
2006-11-27,7.493,10.111,24.12,31.02,132.9,6.06
2006-11-28,0.0,11.502,23.42,32.02,131.8,6.0099
2006-11-29,1.254,8.945,24.44,30.09,125.0,5.6998
2006-11-30,0.0,10.432,24.28,31.53,98.99,4.5138
2006-12-01,0.0,11.949,22.98,32.24,72.26,3.2949
2006-12-02,0.0,11.375,23.55,32.03,56.9,2.5946
2006-12-03,0.0,11.435,23.82,32.31,47.52,2.1668
2006-12-04,0.0,9.772,24.66,31.17,44.3,2.02
2006-12-05,0.0,9.713,24.46,30.95,40.7,1.8559
2006-12-06,0.0,9.49,25.1,31.23,39.08,1.782
2006-12-07,9.301,9.056,24.2,30.07,36.56,1.6671
2006-12-08,7.336,11.204,24.38,32.52,47.2,2.1522
2006-12-09,0.0,9.34,24.94,30.97,56.46,2.5745
2006-12-10,1.945,10.536,24.38,31.8,64.16,2.9256
2006-12-11,0.789,9.931,24.36,31.14,61.74,2.8153
2006-12-12,32.663,8.376,23.66,28.96,59.1,2.6949
2006-12-13,5.738,10.27,24.4,31.55,55.36,2.5243
2006-12-14,0.0,9.816,24.17,30.88,51.18,2.3337
2006-12-15,0.0,11.033,23.47,31.68,45.38,2.0693
2006-12-16,0.0,10.837,23.38,31.4,34.04,1.5522
2006-12-17,0.0,10.788,23.93,31.76,30.62,1.3962
2006-12-18,0.0,10.399,24.33,31.64,27.96,1.2749
2006-12-19,0.0,11.091,24.12,32.24,27.31,1.2453
2006-12-20,0.0,11.89,23.46,32.65,26.27,1.1979
2006-12-21,0.0,10.432,24.82,32.06,25.23,1.1504
2006-12-22,5.656,7.71,24.42,28.93,23.8,1.0852
2006-12-23,0.862,8.526,24.09,29.47,22.89,1.0437
2006-12-24,0.0,10.652,23.36,31.18,21.33,0.9726
2006-12-25,0.0,11.55,23.46,32.25,20.29,0.9252
2006-12-26,0.0,11.563,23.66,32.41,19.64,0.8956
2006-12-27,0.0,10.876,23.41,31.45,19.64,0.8956
2006-12-28,0.0,10.921,23.94,31.9,19.64,0.8956
2006-12-29,0.0,10.183,24.32,31.37,19.51,0.8896
2006-12-30,0.0,12.327,23.05,32.79,18.99,0.8659
2006-12-31,0.0,13.329,22.37,33.46,18.21,0.8303
2007-01-01,0.0,11.724,22.91,31.99,17.69,0.8066
2007-01-02,0.0,12.583,23.4,33.31,16.91,0.7711
2007-01-03,0.677,11.394,24.4,32.71,15.97,0.7282
2007-01-04,0.0,11.64,23.72,32.46,15.44,0.704
2007-01-05,0.0,12.06,23.36,32.65,14.8,0.6749
2007-01-06,0.0,12.59,23.75,33.52,14.4,0.6566
2007-01-07,0.0,11.675,24.08,32.73,14.0,0.6384
2007-01-08,0.0,13.57,23.63,34.51,13.76,0.6274
2007-01-09,0.0,11.337,25.1,33.1,13.52,0.6165
2007-01-10,0.0,11.545,25.82,33.85,13.12,0.5983
2007-01-11,0.131,11.7,24.53,33.03,12.88,0.5873
2007-01-12,0.0,12.131,24.46,33.43,12.64,0.5764
2007-01-13,1.393,11.088,25.25,32.89,12.48,0.5691
2007-01-14,0.0,12.498,25.39,34.48,12.4,0.5654
2007-01-15,0.0,12.644,26.07,35.13,12.32,0.5618
2007-01-16,0.0,12.371,25.63,34.49,12.16,0.5545
2007-01-17,0.0,11.612,25.58,33.63,11.92,0.5435
2007-01-18,0.0,10.781,26.92,33.79,11.6,0.5289
2007-01-19,0.0,9.362,26.8,32.28,11.2,0.5107
2007-01-20,0.0,12.371,24.94,33.89,11.2,0.5107
2007-01-21,0.0,12.101,25.99,34.38,11.2,0.5107
2007-01-22,1.557,11.577,26.15,33.93,11.2,0.5107
2007-01-23,3.11,12.345,25.31,34.08,11.04,0.5034
2007-01-24,0.0,14.036,24.96,35.62,10.96,0.4998
2007-01-25,3.786,12.673,26.47,35.25,10.88,0.4961
2007-01-26,0.667,12.043,26.2,34.36,10.88,0.4961
2007-01-27,0.0,13.507,26.07,35.78,10.72,0.4888
2007-01-28,0.309,14.286,24.91,35.74,10.72,0.4888
2007-01-29,0.0,15.471,24.84,36.95,10.72,0.4888
2007-01-30,0.0,14.849,24.91,36.3,10.72,0.4888
2007-01-31,0.0,15.021,24.64,36.27,10.72,0.4888
2007-02-01,0.0,15.602,25.03,37.14,10.56,0.4815
2007-02-02,0.0,16.245,24.49,37.43,10.4,0.4742
2007-02-03,0.0,16.73,23.76,37.43,10.24,0.4669
2007-02-04,0.0,16.002,22.91,36.03,9.92,0.4523
2007-02-05,0.0,14.576,25.62,36.34,9.76,0.445
2007-02-06,0.0,16.31,23.96,37.01,9.6,0.4377
2007-02-07,0.0,14.624,24.68,35.67,9.52,0.4341
2007-02-08,0.0,14.733,25.48,36.33,9.44,0.4304
2007-02-09,0.0,14.825,25.57,36.47,9.28,0.4232
2007-02-10,0.0,15.393,26.1,37.4,8.96,0.4086
2007-02-11,0.0,15.572,25.17,36.91,8.16,0.3721
2007-02-12,0.0,14.82,25.66,36.44,7.92,0.3611
2007-02-13,0.0,14.808,25.8,36.5,7.8,0.3557
2007-02-14,0.028,14.934,26.47,37.09,7.68,0.3502
2007-02-15,0.0,14.096,26.62,36.32,7.78,0.3548
2007-02-16,0.0,14.28,26.05,36.06,7.92,0.3611
2007-02-17,0.0,15.003,26.99,37.46,7.88,0.3593
2007-02-18,0.0,15.961,25.48,37.34,7.88,0.3593
2007-02-19,0.0,14.468,26.29,36.36,7.88,0.3593
2007-02-20,0.0,14.389,24.78,35.16,7.88,0.3593
2007-02-21,1.463,13.024,25.32,34.14,7.88,0.3593
2007-02-22,0.0,16.755,24.22,37.2,7.82,0.3566
2007-02-23,0.0,16.306,25.1,37.31,7.66,0.3493
2007-02-24,0.0,13.556,26.13,35.22,7.6,0.3465
2007-02-25,7.044,9.775,27.2,32.44,7.58,0.3456
2007-02-26,5.46,12.138,25.89,33.6,7.56,0.3447
2007-02-27,0.0,13.897,26.13,35.5,7.52,0.3429
2007-02-28,0.0,16.237,25.74,37.57,7.52,0.3429
2007-03-01,0.0,16.291,27.35,38.73,7.88,0.3593
2007-03-02,0.0,15.158,26.93,37.29,7.88,0.3593
2007-03-03,0.0,13.269,27.52,35.86,7.88,0.3593
2007-03-04,1.105,12.204,24.88,32.8,7.84,0.3575
2007-03-05,0.0,14.041,24.76,34.54,7.82,0.3566
2007-03-06,0.0,13.905,25.25,34.75,7.8,0.3557
2007-03-07,0.0,11.296,25.57,32.41,7.8,0.3557
2007-03-08,0.0,11.875,24.4,32.06,7.8,0.3557
2007-03-09,5.278,10.942,25.33,31.88,7.8,0.3557
2007-03-10,3.157,11.805,25.43,32.77,7.8,0.3557
2007-03-11,0.0,13.464,25.24,34.24,7.8,0.3557
2007-03-12,0.906,12.157,26.27,33.73,7.8,0.3557
2007-03-13,0.0,14.118,24.91,34.63,7.8,0.3557
2007-03-14,0.0,13.112,25.68,34.19,7.8,0.3557
2007-03-15,0.0,11.695,25.43,32.62,7.8,0.3557
2007-03-16,0.0,13.16,25.43,34.03,7.8,0.3557
2007-03-17,5.327,14.799,24.17,34.75,7.8,0.3557
2007-03-18,4.507,11.463,24.83,31.92,7.8,0.3557
2007-03-19,3.472,9.688,25.45,30.76,7.82,0.3566
2007-03-20,7.103,12.062,23.96,31.82,7.86,0.3584
2007-03-21,0.0,12.338,23.72,31.91,7.92,0.3611
2007-03-22,0.787,10.706,25.33,31.58,7.96,0.363
2007-03-23,6.836,12.388,25.35,33.2,8.8,0.4013
2007-03-24,13.022,12.237,25.35,33.04,9.44,0.4304
2007-03-25,62.954,8.521,24.38,28.82,38.9,1.7738
2007-03-26,0.0,12.924,23.72,32.49,29.94,1.3652
2007-03-27,0.0,9.811,24.73,30.27,22.63,1.0319
2007-03-28,7.976,10.495,24.89,31.02,18.99,0.8659
2007-03-29,30.613,9.08,24.07,29.06,19.12,0.8718
2007-03-30,0.0,12.754,24.0,32.53,28.13,1.2827
2007-03-31,1.57,10.296,24.2,30.3,33.86,1.544
2007-04-01,28.76,11.271,24.78,31.68,31.88,1.4537
2007-04-02,16.564,7.12,24.77,27.99,23.28,1.0615
2007-04-03,15.777,11.547,24.51,31.75,19.77,0.9015
2007-04-04,13.443,11.037,24.29,31.09,20.16,0.9193
2007-04-05,14.401,9.861,25.18,30.7,26.14,1.1919
2007-04-06,14.981,9.512,24.09,29.49,34.22,1.5604
2007-04-07,25.237,9.877,24.29,30.0,42.5,1.9379
2007-04-08,1.28,11.439,24.41,31.59,45.56,2.0775
2007-04-09,5.586,9.909,24.04,29.84,45.74,2.0857
2007-04-10,3.767,12.117,23.87,31.86,40.7,1.8559
2007-04-11,0.0,12.779,24.32,32.88,31.21,1.4231
2007-04-12,0.0,11.693,25.83,32.97,23.15,1.0556
2007-04-13,0.0,12.949,25.15,33.68,17.43,0.7948
2007-04-14,17.179,9.913,24.46,30.22,16.5,0.7524
2007-04-15,11.646,13.049,24.11,33.03,29.0,1.3224
2007-04-16,11.33,8.934,24.32,29.22,38.72,1.7656
2007-04-17,0.0,12.009,24.5,32.31,48.38,2.2061
2007-04-18,25.134,10.846,24.27,30.99,108.4,4.9429
2007-04-19,20.506,11.3,24.38,31.53,119.2,5.4353
2007-04-20,0.707,9.196,24.35,29.52,116.0,5.2894
2007-04-21,4.173,12.692,24.37,32.94,103.8,4.7331
2007-04-22,7.879,11.536,24.02,31.53,80.89,3.6885
2007-04-23,15.744,11.327,24.0,31.32,73.93,3.3711
2007-04-24,6.103,8.781,25.39,30.04,56.02,2.5544
2007-04-25,7.98,11.413,25.25,32.4,51.4,2.3438
2007-04-26,3.115,9.808,25.4,31.0,42.14,1.9215
2007-04-27,31.246,12.183,24.9,32.91,39.44,1.7984
2007-04-28,0.227,8.703,24.7,29.43,31.88,1.4537
2007-04-29,12.722,8.543,23.66,28.43,42.32,1.9297
2007-04-30,0.0,10.423,23.85,30.4,50.52,2.3036
2007-05-01,15.057,9.364,23.62,29.2,67.64,3.0843
2007-05-02,42.182,11.898,23.13,31.37,104.7,4.7742
2007-05-03,41.366,8.074,23.84,28.2,138.8,6.3291
2007-05-04,4.611,6.799,24.57,27.74,145.0,6.6118
2007-05-05,0.0,11.84,23.83,31.88,150.3,6.8535
2007-05-06,0.0,12.208,23.76,32.23,160.4,7.314
2007-05-07,16.26,10.551,25.4,31.84,164.4,7.4964
2007-05-08,19.273,8.281,24.53,29.01,169.6,7.7335
2007-05-09,16.901,10.264,24.54,30.91,171.0,7.7973
2007-05-10,13.863,8.812,24.28,29.31,165.2,7.5329
2007-05-11,43.173,10.387,22.73,29.64,159.1,7.2547
2007-05-12,0.0,8.626,23.0,28.1,152.5,6.9538
2007-05-13,0.0,9.056,22.73,28.32,149.0,6.7942
2007-05-14,0.0,11.297,22.36,30.36,153.8,7.013
2007-05-15,0.0,9.503,23.9,29.73,158.2,7.2137
2007-05-16,25.843,10.234,23.73,30.34,179.7,8.194
2007-05-17,10.661,9.51,24.66,30.37,212.8,9.7034
2007-05-18,34.316,6.871,23.93,27.34,236.0,10.7612
2007-05-19,0.0,10.39,24.22,30.92,237.2,10.816
2007-05-20,28.849,8.482,24.23,29.07,231.2,10.5424
2007-05-21,5.889,11.158,24.07,31.62,222.7,10.1548
2007-05-22,0.0,11.802,24.7,32.78,214.9,9.7991
2007-05-23,0.0,10.799,23.22,30.62,202.4,9.2291
2007-05-24,13.482,7.93,24.37,28.71,178.7,8.1484
2007-05-25,11.974,7.423,23.47,27.49,140.6,6.4111
2007-05-26,8.899,7.44,22.28,26.51,125.7,5.7317
2007-05-27,0.0,10.734,22.72,30.22,113.8,5.1891
2007-05-28,15.834,7.427,23.42,27.48,96.91,4.4189
2007-05-29,35.144,7.481,23.79,27.85,91.04,4.1513
2007-05-30,2.21,7.907,23.41,27.93,106.3,4.8471
2007-05-31,21.109,9.438,22.08,28.4,119.2,5.4353
2007-06-01,6.095,8.84,23.12,28.62,125.4,5.718
2007-06-02,9.201,8.468,23.17,28.3,136.2,6.2105
2007-06-03,14.306,8.113,22.9,27.73,150.3,6.8535
2007-06-04,31.595,9.705,23.21,29.6,162.2,7.3961
2007-06-05,3.404,8.136,23.08,27.92,169.2,7.7153
2007-06-06,4.139,9.354,22.13,28.4,174.0,7.9341
2007-06-07,1.74,7.473,23.1,27.31,170.1,7.7563
2007-06-08,4.83,8.977,22.71,28.48,163.0,7.4326
2007-06-09,45.319,10.357,23.32,30.41,151.6,6.9127
2007-06-10,24.335,8.232,23.28,28.21,146.8,6.6939
2007-06-11,30.108,6.632,23.66,27.03,142.8,6.5115
2007-06-12,0.0,9.732,23.37,29.81,140.6,6.4111
2007-06-13,0.515,9.663,22.09,28.75,139.3,6.3519
2007-06-14,0.0,10.125,22.95,29.91,137.5,6.2698
2007-06-15,0.0,8.747,23.1,28.6,136.6,6.2288
2007-06-16,23.014,6.762,22.7,26.34,141.5,6.4522
2007-06-17,16.573,9.405,22.4,28.73,150.3,6.8535
2007-06-18,0.0,7.447,23.5,27.66,157.8,7.1954
2007-06-19,23.47,7.606,22.97,27.37,165.7,7.5557
2007-06-20,0.0,6.992,23.62,27.35,175.8,8.0162
2007-06-21,0.0,9.632,21.18,28.04,180.6,8.2351
2007-06-22,58.195,6.767,23.12,26.71,200.9,9.1607
2007-06-23,138.89,5.317,23.16,25.5,236.8,10.7977
2007-06-24,0.0,6.5,22.94,26.33,307.5,14.0215
2007-06-25,0.0,8.788,22.36,28.06,354.4,16.1601
2007-06-26,0.0,7.161,22.63,26.66,362.9,16.5477
2007-06-27,0.0,6.013,22.97,25.91,350.9,16.0005
2007-06-28,0.0,6.165,22.8,25.9,350.9,16.0005
2007-06-29,0.0,5.951,22.0,24.99,365.7,16.6754
2007-06-30,0.0,7.699,21.93,26.59,367.2,16.7438
2007-07-01,0.0,6.087,22.98,25.97,367.2,16.7438
2007-07-02,0.0,9.489,21.68,28.25,357.9,16.3197
2007-07-03,0.0,10.083,22.81,29.75,327.1,14.9153
2007-07-04,0.0,10.618,21.99,29.7,300.5,13.7023
2007-07-05,30.312,7.582,23.65,27.9,285.2,13.0047
2007-07-06,0.0,9.684,22.69,29.23,266.0,12.1292
2007-07-07,0.0,9.595,22.96,29.34,232.5,10.6016
2007-07-08,40.703,10.235,23.22,30.2,210.2,9.5848
2007-07-09,9.856,7.54,23.32,27.56,203.0,9.2565
2007-07-10,3.475,7.502,22.82,27.1,191.0,8.7093
2007-07-11,0.0,9.348,22.86,28.97,160.0,7.2958
2007-07-12,0.0,8.958,22.66,28.41,134.6,6.1376
2007-07-13,0.0,7.874,23.27,27.82,117.1,5.3396
2007-07-14,4.988,8.817,23.04,28.55,104.1,4.7468
2007-07-15,0.0,9.746,22.29,28.91,92.78,4.2306
2007-07-16,39.106,8.83,23.48,28.91,89.88,4.0984
2007-07-17,8.8,7.74,23.62,27.95,90.75,4.1381
2007-07-18,1.952,11.557,22.48,30.96,108.4,4.9429
2007-07-19,0.0,10.402,23.98,30.87,145.9,6.6528
2007-07-20,16.246,8.906,21.8,27.6,161.3,7.355
2007-07-21,26.018,8.581,22.73,28.0,163.5,7.4554
2007-07-22,3.899,8.265,23.75,28.52,162.6,7.4143
2007-07-23,3.473,10.945,22.63,30.36,158.2,7.2137
2007-07-24,0.662,8.932,24.66,29.9,152.0,6.931
2007-07-25,34.077,10.445,22.83,29.95,140.6,6.4111
2007-07-26,12.539,10.938,23.05,30.63,136.2,6.2105
2007-07-27,13.137,9.151,22.32,28.2,132.9,6.06
2007-07-28,0.0,6.969,23.04,26.68,129.7,5.9141
2007-07-29,0.0,8.43,23.28,28.23,145.2,6.6209
2007-07-30,0.0,9.916,22.33,28.95,164.8,7.5146
2007-07-31,0.0,10.945,22.02,29.78,163.9,7.4736
2007-08-01,0.0,10.986,22.29,30.02,152.0,6.931
2007-08-02,0.0,10.033,23.15,29.68,150.3,6.8535
2007-08-03,15.993,8.115,23.61,28.16,140.2,6.3929
2007-08-04,10.973,10.345,23.22,30.02,138.0,6.2926
2007-08-05,1.167,9.238,22.98,28.71,135.3,6.1695
2007-08-06,0.0,10.711,22.65,29.94,87.56,3.9926
2007-08-07,35.199,9.951,22.96,29.39,86.4,3.9397
2007-08-08,1.59,10.158,22.3,29.06,87.56,3.9926
2007-08-09,0.0,10.098,23.56,29.97,89.3,4.0719
2007-08-10,8.37,9.605,22.94,28.98,92.49,4.2174
2007-08-11,0.436,8.067,22.72,27.29,95.97,4.3761
2007-08-12,0.0,11.415,22.89,30.77,100.2,4.569
2007-08-13,4.148,10.879,23.45,30.63,104.1,4.7468
2007-08-14,0.0,10.391,23.62,30.26,108.4,4.9429
2007-08-15,59.483,7.914,23.16,27.49,111.7,5.0934
2007-08-16,31.949,7.704,22.9,27.07,116.7,5.3213
2007-08-17,0.598,10.917,23.2,30.43,126.8,5.7819
2007-08-18,0.0,11.191,23.53,30.94,134.4,6.1284
2007-08-19,0.0,10.757,22.81,29.94,138.0,6.2926
2007-08-20,0.0,8.24,23.24,27.82,136.6,6.2288
2007-08-21,0.969,6.893,22.78,26.22,127.5,5.8138
2007-08-22,0.0,11.507,21.63,29.79,125.7,5.7317
2007-08-23,0.0,9.503,22.7,28.56,125.0,5.6998
2007-08-24,0.0,11.003,23.38,30.58,122.8,5.5995
2007-08-25,36.364,9.688,22.82,28.82,118.9,5.4217
2007-08-26,4.754,10.138,23.35,29.67,114.9,5.2393
2007-08-27,0.0,10.126,24.51,30.57,118.9,5.4217
2007-08-28,8.176,11.391,22.93,30.59,125.0,5.6998
2007-08-29,29.513,8.38,23.34,27.96,113.5,5.1754
2007-08-30,16.637,10.121,22.68,29.09,109.5,4.993
2007-08-31,4.663,11.883,23.25,31.3,108.8,4.9611
2007-09-01,0.0,8.986,23.48,28.63,108.4,4.9429
2007-09-02,0.0,10.308,23.23,29.69,104.8,4.7787
2007-09-03,0.0,10.085,23.09,29.35,103.8,4.7331
2007-09-04,22.874,9.927,22.78,28.95,103.8,4.7331
2007-09-05,3.245,10.832,22.54,29.66,107.4,4.8973
2007-09-06,28.886,10.551,22.32,29.2,101.6,4.6328
2007-09-07,2.246,10.057,22.83,29.1,96.55,4.4025
2007-09-08,0.0,12.551,22.92,31.69,85.53,3.9
2007-09-09,4.664,9.303,22.86,28.39,80.02,3.6488
2007-09-10,15.65,10.49,22.54,29.3,77.12,3.5166
2007-09-11,0.0,10.246,23.3,29.65,78.86,3.5959
2007-09-12,4.163,11.006,22.29,29.62,82.92,3.781
2007-09-13,15.776,8.759,22.54,27.6,85.82,3.9133
2007-09-14,6.153,10.187,23.57,29.8,87.27,3.9794
2007-09-15,34.536,11.013,23.0,30.16,105.2,4.797
2007-09-16,0.0,10.572,23.69,30.27,120.0,5.4718
2007-09-17,13.83,11.071,22.02,29.48,127.2,5.8001
2007-09-18,14.179,12.468,23.07,31.7,128.2,5.8457
2007-09-19,8.753,8.663,23.8,28.56,115.3,5.2575
2007-09-20,0.678,11.188,22.69,30.11,101.2,4.6146
2007-09-21,0.0,11.31,23.07,30.53,88.72,4.0455
2007-09-22,1.77,12.246,22.1,30.76,78.57,3.5827
2007-09-23,0.085,11.358,23.28,30.74,74.8,3.4108
2007-09-24,15.79,10.076,23.89,29.97,62.4,2.8453
2007-09-25,12.097,10.614,23.47,30.16,51.4,2.3438
2007-09-26,14.186,10.007,23.27,29.41,54.7,2.4942
2007-09-27,0.0,11.09,23.01,30.29,59.76,2.725
2007-09-28,2.568,10.938,23.02,30.14,63.06,2.8754
2007-09-29,25.382,8.695,23.48,28.35,76.25,3.4769
2007-09-30,0.0,11.977,23.19,31.34,103.4,4.7149
2007-10-01,0.0,9.455,23.55,29.14,126.4,5.7636
2007-10-02,5.454,12.943,23.12,32.31,112.0,5.107
2007-10-03,0.0,12.321,23.49,31.95,102.7,4.683
2007-10-04,7.957,12.727,22.84,31.9,99.08,4.5179
2007-10-05,0.0,12.165,22.69,31.22,96.84,4.4158
2007-10-06,3.918,11.132,24.09,31.24,94.23,4.2967
2007-10-07,14.027,9.84,24.3,30.15,92.78,4.2306
2007-10-08,21.823,10.018,24.21,30.26,86.4,3.9397
2007-10-09,6.827,10.875,23.08,30.23,90.75,4.1381
2007-10-10,0.867,11.264,23.43,30.91,113.1,5.1572
2007-10-11,5.543,10.544,23.92,30.58,129.7,5.9141
2007-10-12,0.0,12.016,24.19,32.28,139.7,6.3701
2007-10-13,5.526,9.629,24.91,30.51,139.7,6.3701
2007-10-14,11.046,8.235,24.54,28.93,130.8,5.9643
2007-10-15,0.0,11.173,23.64,31.05,110.6,5.0432
2007-10-16,0.0,11.983,23.12,31.51,92.2,4.2042
2007-10-17,6.392,9.348,24.07,29.6,103.4,4.7149
2007-10-18,12.435,8.69,23.45,28.48,114.9,5.2393
2007-10-19,7.231,10.941,23.36,30.66,139.7,6.3701
2007-10-20,3.87,9.877,23.25,29.51,151.6,6.9127
2007-10-21,8.017,10.853,23.78,30.93,141.5,6.4522
2007-10-22,9.174,9.706,24.17,30.1,136.2,6.2105
2007-10-23,9.687,11.207,23.81,31.34,143.2,6.5297
2007-10-24,6.53,9.804,23.74,29.89,134.4,6.1284
2007-10-25,0.0,12.353,23.17,32.1,117.8,5.3715
2007-10-26,26.384,11.778,23.22,31.55,120.0,5.4718
2007-10-27,0.0,11.177,24.06,31.57,141.0,6.4294
2007-10-28,38.709,9.82,23.28,29.6,178.8,8.153
2007-10-29,0.0,10.482,24.46,31.21,213.4,9.7307
2007-10-30,13.947,8.628,23.57,28.68,223.8,10.2049
2007-10-31,0.135,8.997,24.05,29.44,206.6,9.4206
2007-11-01,0.0,11.562,24.42,32.34,193.6,8.8279
2007-11-02,0.0,10.808,25.36,32.31,169.2,7.7153
2007-11-03,0.0,11.905,23.86,32.32,145.0,6.6118
2007-11-04,5.876,9.779,24.62,30.73,123.2,5.6177
2007-11-05,0.0,12.036,22.98,31.85,98.7,4.5006
2007-11-06,4.495,10.807,24.02,31.34,87.85,4.0058
2007-11-07,6.727,10.435,23.71,30.73,96.55,4.4025
2007-11-08,20.716,8.221,23.67,28.48,123.2,5.6177
2007-11-09,2.866,7.847,24.41,28.76,183.2,8.3536
2007-11-10,0.0,10.305,23.76,30.69,160.4,7.314
2007-11-11,5.389,10.464,24.44,31.41,123.6,5.636
2007-11-12,6.95,9.823,24.62,30.91,95.1,4.3364
2007-11-13,5.25,10.153,23.49,30.37,84.95,3.8736
2007-11-14,0.0,11.124,24.25,32.0,71.9,3.2785
2007-11-15,0.394,10.167,23.8,30.66,62.4,2.8453
2007-11-16,15.733,8.99,24.18,29.77,67.5,3.0779
2007-11-17,22.884,5.687,24.03,26.6,86.4,3.9397
2007-11-18,0.554,9.711,22.46,29.18,52.5,2.3939
2007-11-19,0.0,10.467,22.9,30.35,52.5,2.3939
2007-11-20,0.0,11.204,22.79,31.1,50.3,2.2936
2007-11-21,0.0,10.238,23.1,30.29,45.2,2.0611
2007-11-22,18.665,9.211,23.52,29.54,37.1,1.6917
2007-11-23,7.421,8.423,23.98,29.12,30.8,1.4044
2007-11-24,0.229,9.71,23.71,30.24,28.09,1.2809
2007-11-25,0.0,9.932,24.6,31.2,26.66,1.2157
2007-11-26,0.0,10.121,24.14,31.05,25.75,1.1742
2007-11-27,0.0,11.355,22.95,31.5,24.06,1.0971
2007-11-28,0.0,10.86,23.8,31.6,23.28,1.0615
2007-11-29,0.0,10.864,23.25,31.2,22.37,1.02
2007-11-30,0.0,11.188,24.11,32.22,21.46,0.9785
2007-12-01,0.0,11.487,22.88,31.64,20.81,0.9489
2007-12-02,0.0,11.331,23.34,31.82,20.03,0.9133
2007-12-03,0.0,10.985,23.6,31.64,18.86,0.86
2007-12-04,0.0,11.155,24.2,32.29,17.82,0.8126
2007-12-05,0.0,10.767,25.44,32.84,16.52,0.7533
2007-12-06,0.0,11.391,25.06,33.22,15.92,0.7259
2007-12-07,0.0,11.439,23.64,32.22,15.6,0.7113
2007-12-08,0.0,11.205,25.23,33.17,15.44,0.704
2007-12-09,0.0,10.695,23.28,31.13,15.12,0.6894
2007-12-10,0.0,11.769,24.2,33.03,14.8,0.6749
2007-12-11,0.439,12.06,23.06,32.52,14.48,0.6603
2007-12-12,2.986,10.931,25.0,32.73,14.16,0.6457
2007-12-13,13.289,10.538,23.93,31.48,13.84,0.6311
2007-12-14,0.705,9.719,22.92,29.8,13.6,0.6201
2007-12-15,3.552,9.648,24.48,30.95,13.76,0.6274
2007-12-16,0.132,9.745,24.33,30.94,14.32,0.653
2007-12-17,0.0,10.895,23.11,31.27,14.24,0.6493
2007-12-18,0.0,12.741,22.68,33.06,13.68,0.6238
2007-12-19,0.0,10.784,23.81,31.67,13.2,0.6019
2007-12-20,0.0,10.464,24.33,31.72,12.72,0.58
2007-12-21,0.0,11.348,23.46,32.03,12.4,0.5654
2007-12-22,19.274,9.857,23.62,30.5,11.92,0.5435
2007-12-23,30.299,9.612,24.09,30.6,14.24,0.6493
2007-12-24,20.84,8.983,23.75,29.67,16.65,0.7592
2007-12-25,6.155,7.436,24.2,28.46,18.86,0.86
2007-12-26,0.0,6.709,24.09,27.7,18.86,0.86
2007-12-27,0.0,11.694,23.53,32.45,15.84,0.7223
2007-12-28,0.0,10.75,24.14,31.86,14.4,0.6566
2007-12-29,0.0,11.594,23.66,32.42,13.2,0.6019
2007-12-30,0.0,12.095,22.3,31.99,13.52,0.6165
2007-12-31,0.061,11.61,22.74,31.74,13.2,0.6019
2008-01-01,0.0,13.088,21.33,32.44,12.96,0.591
2008-01-02,0.0,12.632,22.6,32.79,12.72,0.58
2008-01-03,0.0,13.49,22.16,33.46,12.48,0.5691
2008-01-04,0.095,11.024,24.27,32.2,12.4,0.5654
2008-01-05,0.327,8.637,23.99,29.43,12.08,0.5508
2008-01-06,0.419,10.326,24.56,31.64,11.92,0.5435
2008-01-07,0.0,11.686,23.57,32.35,11.6,0.5289
2008-01-08,0.0,12.629,23.1,33.06,11.28,0.5144
2008-01-09,0.0,11.69,24.69,33.17,10.96,0.4998
2008-01-10,5.083,13.027,25.32,35.08,10.88,0.4961
2008-01-11,0.0,12.312,25.82,34.66,10.88,0.4961
2008-01-12,0.0,12.927,25.59,35.14,10.88,0.4961
2008-01-13,0.0,11.494,25.28,33.34,10.88,0.4961
2008-01-14,6.919,10.593,25.6,32.63,10.88,0.4961
2008-01-15,0.041,12.06,25.53,34.1,10.64,0.4852
2008-01-16,0.0,11.981,25.57,34.02,10.32,0.4706
2008-01-17,0.0,12.35,24.88,33.89,10.0,0.456
2008-01-18,0.0,14.036,22.63,34.12,9.68,0.4414
2008-01-19,0.0,12.77,23.59,33.36,9.44,0.4304
2008-01-20,0.0,13.135,24.72,34.56,9.44,0.4304
2008-01-21,0.0,12.313,24.68,33.62,9.28,0.4232
2008-01-22,0.0,13.25,24.22,34.28,9.28,0.4232
2008-01-23,0.0,12.946,25.53,34.88,9.12,0.4159
2008-01-24,0.0,11.416,26.61,34.08,8.96,0.4086
2008-01-25,0.0,14.501,24.36,35.67,8.96,0.4086
2008-01-26,2.476,14.137,24.71,35.49,8.8,0.4013
2008-01-27,0.0,10.261,26.26,32.59,8.72,0.3976
2008-01-28,0.0,12.978,23.82,33.55,8.64,0.394
2008-01-29,0.0,15.089,22.31,34.79,8.48,0.3867
2008-01-30,0.0,15.7,22.41,35.52,8.4,0.383
2008-01-31,0.0,15.256,22.02,34.73,8.32,0.3794
2008-02-01,0.0,14.102,24.35,35.04,8.32,0.3794
2008-02-02,0.0,13.401,24.18,34.13,8.32,0.3794
2008-02-03,0.0,13.028,24.64,34.05,8.32,0.3794
2008-02-04,0.0,15.744,22.68,35.59,8.32,0.3794
2008-02-05,0.0,10.926,25.93,32.83,8.16,0.3721
2008-02-06,0.0,12.081,24.57,32.93,8.16,0.3721
2008-02-07,0.0,12.96,25.79,34.73,8.16,0.3721
2008-02-08,0.0,13.995,24.99,35.2,8.16,0.3721
2008-02-09,0.0,10.426,25.96,32.28,8.08,0.3684
2008-02-10,1.287,10.883,25.97,32.72,8.0,0.3648
2008-02-11,0.0,12.978,25.22,34.23,8.0,0.3648
2008-02-12,0.0,12.105,25.0,33.15,7.96,0.363
2008-02-13,0.0,10.624,24.54,31.28,7.96,0.363
2008-02-14,6.841,12.152,24.78,32.99,7.92,0.3611
2008-02-15,0.0,13.111,23.98,33.36,7.9,0.3602
2008-02-16,0.0,14.723,23.54,34.73,7.84,0.3575
2008-02-17,0.0,14.54,24.36,35.09,7.68,0.3502
2008-02-18,0.0,12.442,25.46,33.72,7.58,0.3456
2008-02-19,4.381,12.027,24.46,32.52,7.56,0.3447
2008-02-20,0.043,11.862,24.78,32.58,7.56,0.3447
2008-02-21,0.0,13.029,25.07,33.96,7.56,0.3447
2008-02-22,0.0,14.566,25.2,35.6,7.56,0.3447
2008-02-23,0.88,13.704,26.9,35.96,7.56,0.3447
2008-02-24,0.0,12.541,27.01,34.89,7.56,0.3447
2008-02-25,0.0,13.36,25.85,34.79,7.56,0.3447
2008-02-26,0.0,15.015,24.92,35.77,7.56,0.3447
2008-02-27,0.0,14.762,24.88,35.47,7.56,0.3447
2008-02-28,0.0,13.179,24.83,33.8,7.56,0.3447
2008-02-29,0.0,14.647,25.4,35.68,7.56,0.3447
2008-03-01,0.0,15.565,24.6,36.04,7.54,0.3438
2008-03-02,0.0,16.178,26.63,38.07,7.52,0.3429
2008-03-03,0.0,15.623,26.17,37.17,7.52,0.3429
2008-03-04,0.0,15.602,26.7,37.51,7.48,0.3411
2008-03-05,0.057,15.291,26.31,36.91,7.48,0.3411
2008-03-06,0.0,11.266,27.32,33.78,7.44,0.3393
2008-03-07,0.115,14.739,26.31,36.32,7.44,0.3393
2008-03-08,0.0,14.428,26.95,36.48,7.4,0.3374
2008-03-09,0.0,13.169,27.01,35.29,7.4,0.3374
2008-03-10,0.0,13.586,27.33,35.93,7.36,0.3356
2008-03-11,0.0,13.24,27.41,35.65,7.36,0.3356
2008-03-12,0.0,14.119,26.9,36.1,7.36,0.3356
2008-03-13,2.196,9.487,27.65,32.43,7.36,0.3356
2008-03-14,15.852,7.638,25.5,29.06,7.32,0.3338
2008-03-15,0.0,14.932,24.4,35.06,7.32,0.3338
2008-03-16,4.992,14.877,23.97,34.69,7.32,0.3338
2008-03-17,0.0,14.061,23.96,33.84,7.32,0.3338
2008-03-18,0.0,14.169,23.69,33.75,7.32,0.3338
2008-03-19,0.0,14.846,24.34,34.9,7.28,0.332
2008-03-20,0.0,14.552,24.92,35.02,7.28,0.332
2008-03-21,0.0,13.855,24.67,34.13,7.28,0.332
2008-03-22,0.0,14.011,26.06,35.31,7.28,0.332
2008-03-23,0.0,13.5,25.86,34.66,7.28,0.332
2008-03-24,0.0,14.916,26.05,36.19,7.28,0.332
2008-03-25,3.938,11.863,24.4,31.95,7.28,0.332
2008-03-26,0.0,14.484,24.15,34.38,7.28,0.332
2008-03-27,0.0,14.9,25.46,35.74,7.28,0.332
2008-03-28,0.0,15.7,25.8,36.79,7.28,0.332
2008-03-29,0.0,15.49,26.18,36.85,7.28,0.332
2008-03-30,0.991,15.246,26.13,36.58,7.28,0.332
2008-03-31,0.0,14.035,26.0,35.29,7.24,0.3301
2008-04-01,0.0,15.234,26.22,36.65,7.24,0.3301
2008-04-02,0.0,14.536,27.93,37.22,7.24,0.3301
2008-04-03,0.0,14.36,27.19,36.51,7.24,0.3301
2008-04-04,0.0,15.119,26.32,36.62,7.24,0.3301
2008-04-05,9.156,11.409,25.13,32.11,7.24,0.3301
2008-04-06,8.263,12.911,23.96,32.7,7.24,0.3301
2008-04-07,9.967,13.192,24.68,33.53,7.24,0.3301
2008-04-08,21.766,15.05,25.5,35.99,7.24,0.3301
2008-04-09,9.755,11.22,26.31,32.9,7.28,0.332
2008-04-10,17.812,11.131,24.64,31.5,7.52,0.3429
2008-04-11,12.855,11.2,24.12,31.17,7.74,0.3529
2008-04-12,0.0,9.842,24.57,30.23,10.64,0.4852
2008-04-13,7.826,10.943,25.08,31.68,11.36,0.518
2008-04-14,2.601,10.181,24.49,30.5,11.52,0.5253
2008-04-15,4.455,11.242,24.45,31.5,10.96,0.4998
2008-04-16,0.19,10.603,24.61,31.02,10.0,0.456
2008-04-17,14.294,10.766,24.36,30.99,9.12,0.4159
2008-04-18,10.457,10.227,24.52,30.61,8.24,0.3757
2008-04-19,16.592,8.318,24.56,28.9,11.52,0.5253
2008-04-20,5.39,13.058,23.82,32.91,15.6,0.7113
2008-04-21,19.963,10.975,23.94,30.91,14.4,0.6566
2008-04-22,16.968,11.197,24.02,31.2,14.32,0.653
2008-04-23,16.012,10.83,24.27,31.05,14.24,0.6493
2008-04-24,34.504,9.32,24.04,29.43,23.4,1.067
2008-04-25,17.922,10.925,24.39,31.26,66.0,3.0095
2008-04-26,6.288,10.867,24.13,31.02,98.7,4.5006
2008-04-27,42.985,8.811,24.32,29.21,117.1,5.3396
2008-04-28,0.0,12.668,24.66,33.26,121.8,5.5539
2008-04-29,0.0,12.392,25.03,33.27,119.2,5.4353
2008-04-30,0.0,12.264,24.86,33.03,91.62,4.1777
2008-05-01,6.426,11.956,24.84,32.72,56.54,2.5781
2008-05-02,14.842,11.736,24.18,32.01,32.6,1.4865
2008-05-03,44.041,7.644,23.57,27.59,49.78,2.2699
2008-05-04,1.845,7.971,23.53,27.86,74.8,3.4108
2008-05-05,0.0,8.163,23.67,28.16,95.68,4.3629
2008-05-06,0.0,9.504,23.6,29.39,108.8,4.9611
2008-05-07,0.0,7.706,23.96,28.01,80.6,3.6752
2008-05-08,2.456,7.756,23.65,27.8,66.8,3.046
2008-05-09,12.074,7.938,23.48,27.83,65.04,2.9657
2008-05-10,0.847,12.373,22.09,31.26,49.2,2.2434
2008-05-11,19.877,11.233,22.44,30.33,43.04,1.9626
2008-05-12,18.027,10.156,23.23,29.82,41.06,1.8723
2008-05-13,16.311,11.757,23.11,31.41,39.98,1.823
2008-05-14,11.401,10.66,23.94,30.92,40.34,1.8394
2008-05-15,0.0,10.712,23.94,30.99,42.32,1.9297
2008-05-16,22.221,7.946,23.71,28.1,46.1,2.1021
2008-05-17,12.405,9.525,23.65,29.59,54.7,2.4942
2008-05-18,4.765,7.799,23.6,27.9,96.5,4.4003
2008-05-19,12.749,8.796,24.13,29.28,128.2,5.8457
2008-05-20,11.248,9.105,23.54,29.11,105.2,4.797
2008-05-21,21.935,7.887,23.59,28.0,84.95,3.8736
2008-05-22,16.805,9.498,23.46,29.47,78.57,3.5827
2008-05-23,15.207,8.721,23.68,28.89,74.8,3.4108
2008-05-24,29.7,7.777,23.98,28.24,76.25,3.4769
2008-05-25,9.409,11.07,23.22,30.95,92.2,4.2042
2008-05-26,32.526,8.223,23.63,28.39,115.3,5.2575
2008-05-27,1.358,9.101,23.31,29.0,123.6,5.636
2008-05-28,12.877,8.035,23.77,28.35,131.1,5.978
2008-05-29,13.638,7.564,24.02,28.12,133.6,6.092
2008-05-30,12.01,9.11,23.75,29.39,140.6,6.4111
2008-05-31,3.881,9.745,23.19,29.6,149.8,6.8307
2008-06-01,18.41,7.619,23.3,27.58,151.6,6.9127
2008-06-02,9.982,5.927,22.99,25.8,151.6,6.9127
2008-06-03,23.853,9.495,22.42,28.76,158.2,7.2137
2008-06-04,0.0,8.799,22.6,28.2,168.3,7.6742
2008-06-05,0.0,8.713,22.76,28.24,176.8,8.0618
2008-06-06,1.134,6.643,23.07,26.52,186.3,8.495
2008-06-07,13.92,8.955,22.37,28.19,196.7,8.9692
2008-06-08,0.0,8.927,23.1,28.75,190.0,8.6637
2008-06-09,13.236,10.591,22.32,29.91,174.5,7.9569
2008-06-10,65.747,8.402,23.9,28.89,163.5,7.4554
2008-06-11,16.656,9.253,23.5,29.42,166.6,7.5967
2008-06-12,0.0,9.957,24.21,30.72,175.4,7.998
2008-06-13,0.0,11.886,23.03,31.88,189.4,8.6364
2008-06-14,8.855,9.548,23.65,29.86,196.7,8.9692
2008-06-15,4.144,10.201,22.78,29.87,196.2,8.9464
2008-06-16,1.774,8.448,23.84,28.91,181.6,8.2807
2008-06-17,15.648,7.847,23.87,28.35,172.3,7.8566
2008-06-18,6.53,7.003,23.64,27.37,163.9,7.4736
2008-06-19,0.99,9.059,23.42,29.18,153.8,7.013
2008-06-20,,,,,,
2008-06-21,,,,,,
2008-06-22,14.072,8.107,22.9,27.81,162.6,7.4143
2008-06-23,6.991,9.14,23.42,29.28,149.4,6.8124
2008-06-24,16.18,8.215,22.81,27.84,130.8,5.9643
2008-06-25,14.086,8.164,22.74,27.73,122.8,5.5995
2008-06-26,4.164,9.776,23.28,29.82,122.5,5.5858
2008-06-27,40.041,10.037,22.74,29.67,132.6,6.0464
2008-06-28,43.617,6.576,23.08,26.5,142.4,6.4932
2008-06-29,26.176,7.987,23.19,27.92,172.7,7.8749
2008-06-30,0.456,8.266,22.7,27.79,215.4,9.8219
2008-07-01,0.0,9.017,23.33,29.06,288.0,13.1324
2008-07-02,23.882,9.384,22.7,28.93,322.2,14.6918
2008-07-03,8.746,8.706,23.25,28.67,325.7,14.8514
2008-07-04,27.195,9.23,23.18,29.14,317.3,14.4684
2008-07-05,0.0,6.624,23.97,27.3,327.1,14.9153
2008-07-06,1.434,11.267,22.64,30.88,312.4,14.245
2008-07-07,7.852,9.867,23.22,29.82,282.2,12.8679
2008-07-08,0.0,7.91,23.77,28.29,251.0,11.4452
2008-07-09,19.725,9.036,22.72,28.55,237.8,10.8433
2008-07-10,24.808,8.895,22.55,28.25,224.8,10.2505
2008-07-11,0.0,7.296,22.41,26.55,208.7,9.5164
2008-07-12,0.925,6.593,22.87,26.29,197.8,9.0194
2008-07-13,4.777,11.082,22.24,30.32,191.0,8.7093
2008-07-14,32.886,7.745,23.47,27.87,195.2,8.9008
2008-07-15,4.585,9.583,22.84,29.16,195.7,8.9236
2008-07-16,0.0,10.737,22.51,30.12,189.4,8.6364
2008-07-17,0.0,11.276,22.59,30.74,178.2,8.1256
2008-07-18,11.194,10.563,22.81,30.14,163.5,7.4554
2008-07-19,21.933,7.176,22.95,26.84,171.4,7.8156
2008-07-20,0.0,10.632,22.63,30.05,139.7,6.3701
2008-07-21,0.364,9.919,22.71,29.34,126.1,5.75
2008-07-22,0.0,8.981,23.15,28.73,125.4,5.718
2008-07-23,0.0,10.045,22.83,29.55,121.4,5.5357
2008-07-24,46.275,8.948,23.9,29.28,108.8,4.9611
2008-07-25,0.0,6.743,23.61,26.98,95.1,4.3364
2008-07-26,35.093,8.395,23.53,28.42,101.6,4.6328
2008-07-27,7.567,11.059,22.68,30.45,129.9,5.9232
2008-07-28,13.582,7.994,22.72,27.35,157.3,7.1726
2008-07-29,21.802,9.666,23.09,29.29,185.8,8.4722
2008-07-30,11.498,10.007,22.91,29.48,208.2,9.4936
2008-07-31,0.728,10.743,23.58,30.75,216.0,9.8493
2008-08-01,0.0,8.89,24.01,29.23,205.0,9.3477
2008-08-02,0.883,10.343,23.39,30.17,183.2,8.3536
2008-08-03,11.905,7.627,23.52,27.62,162.6,7.4143
2008-08-04,11.905,9.819,23.24,29.5,138.9,6.3336
2008-08-05,1.889,11.485,23.43,31.34,112.4,5.1253
2008-08-06,22.201,7.707,22.56,26.86,103.4,4.7149
2008-08-07,0.0,10.634,22.72,29.88,99.28,4.527
2008-08-08,0.0,9.979,23.46,29.78,74.8,3.4108
2008-08-09,25.94,9.514,22.84,28.82,66.05,3.0118
2008-08-10,0.146,9.956,23.08,29.44,86.4,3.9397
2008-08-11,11.223,8.987,22.49,27.99,95.1,4.3364
2008-08-12,0.077,11.893,23.02,31.35,117.1,5.3396
2008-08-13,8.007,9.383,23.5,29.16,134.4,6.1284
2008-08-14,14.399,10.539,22.64,29.64,149.4,6.8124
2008-08-15,8.604,10.734,23.56,30.53,160.4,7.314
2008-08-16,0.582,9.895,23.16,29.36,164.8,7.5146
2008-08-17,7.706,10.677,23.94,30.75,149.4,6.8124
2008-08-18,11.147,9.465,23.41,29.12,132.2,6.0281
2008-08-19,29.401,9.113,23.13,28.56,127.2,5.8001
2008-08-20,3.265,10.923,22.57,29.9,136.2,6.2105
2008-08-21,4.577,12.326,23.36,31.93,158.2,7.2137
2008-08-22,12.033,9.841,23.43,29.47,180.9,8.2488
2008-08-23,0.0,11.018,23.16,30.42,182.7,8.3308
2008-08-24,31.125,11.718,23.6,31.45,162.6,7.4143
2008-08-25,3.659,11.394,24.09,31.5,140.6,6.4111
2008-08-26,6.017,10.125,23.98,30.15,127.5,5.8138
2008-08-27,0.0,12.208,23.3,31.7,109.5,4.993
2008-08-28,20.817,11.78,23.17,31.16,114.2,5.2073
2008-08-29,0.0,8.983,24.12,29.16,108.8,4.9611
2008-08-30,14.463,11.264,23.56,30.91,95.1,4.3364
2008-08-31,0.398,11.438,22.92,30.59,92.2,4.2042
2008-09-01,0.499,11.213,23.2,30.57,77.7,3.543
2008-09-02,0.0,11.081,24.4,31.36,60.2,2.745
2008-09-03,1.047,11.043,24.31,31.25,52.5,2.3939
2008-09-04,21.079,8.47,23.82,28.41,49.2,2.2434
2008-09-05,0.0,10.768,24.25,30.92,49.2,2.2434
2008-09-06,11.736,10.974,23.87,30.82,70.05,3.1942
2008-09-07,19.231,8.588,23.81,28.5,101.6,4.6328
2008-09-08,17.948,9.577,23.51,29.17,116.4,5.3077
2008-09-09,5.65,9.231,23.72,29.02,135.7,6.1877
2008-09-10,0.0,10.878,22.55,29.69,156.0,7.1134
2008-09-11,2.019,10.531,24.01,30.48,171.4,7.8156
2008-09-12,9.856,11.632,23.12,30.88,177.1,8.0755
2008-09-13,0.0,11.241,23.28,30.62,171.4,7.8156
2008-09-14,11.107,9.746,23.43,29.26,164.8,7.5146
2008-09-15,21.687,10.106,23.24,29.46,165.7,7.5557
2008-09-16,0.0,9.554,23.78,29.36,169.2,7.7153
2008-09-17,0.0,11.53,23.25,30.88,168.3,7.6742
2008-09-18,18.268,13.025,22.77,32.06,162.2,7.3961
2008-09-19,25.735,11.41,23.0,30.57,160.4,7.314
2008-09-20,1.643,10.235,23.91,30.12,163.5,7.4554
2008-09-21,5.886,11.579,23.98,31.5,174.9,7.9752
2008-09-22,23.442,10.014,22.99,29.19,187.4,8.5452
2008-09-23,0.0,11.334,22.68,30.27,200.4,9.1379
2008-09-24,0.204,10.701,24.71,31.22,192.6,8.7823
2008-09-25,11.043,10.525,23.64,30.21,175.8,8.0162
2008-09-26,0.0,9.444,23.46,29.03,147.2,6.7121
2008-09-27,0.0,10.481,24.26,30.66,114.2,5.2073
2008-09-28,0.0,11.896,23.3,31.34,97.27,4.4354
2008-09-29,17.92,11.094,22.97,30.28,89.01,4.0587
2008-09-30,7.71,11.584,23.46,31.16,85.24,3.8868
2008-10-01,7.781,10.048,23.75,29.87,78.57,3.5827
2008-10-02,0.253,11.663,23.95,31.63,70.74,3.2256
2008-10-03,0.0,11.728,23.82,31.6,64.38,2.9356
2008-10-04,6.981,10.147,24.12,30.29,61.74,2.8153
2008-10-05,13.599,9.732,24.9,30.53,67.68,3.0861
2008-10-06,2.459,10.9,24.12,31.05,69.0,3.1463
2008-10-07,40.758,8.234,23.23,27.78,86.4,3.9397
2008-10-08,0.837,11.566,23.34,31.13,116.0,5.2894
2008-10-09,0.0,11.836,23.23,31.34,126.1,5.75
2008-10-10,0.0,11.04,23.77,30.95,118.2,5.3897
2008-10-11,10.891,11.812,23.94,31.88,107.7,4.911
2008-10-12,28.05,10.191,23.38,29.82,95.1,4.3364
2008-10-13,9.382,10.134,23.95,30.23,127.6,5.8184
2008-10-14,34.628,10.346,23.91,30.43,203.0,9.2565
2008-10-15,0.0,12.449,24.0,32.64,206.6,9.4206
2008-10-16,8.419,11.964,24.4,32.47,204.0,9.3021
2008-10-17,13.178,9.868,24.56,30.52,210.8,9.6122
2008-10-18,7.168,10.549,24.06,30.8,216.5,9.8721
2008-10-19,3.388,11.87,24.2,32.27,233.4,10.6427
2008-10-20,11.032,10.21,23.65,30.17,222.2,10.132
2008-10-21,1.327,11.286,24.1,31.62,179.2,8.1712
2008-10-22,2.88,11.485,24.15,31.89,149.3,6.8079
2008-10-23,0.0,11.305,24.01,31.61,128.6,5.864
2008-10-24,0.997,12.977,22.22,32.08,107.0,4.879
2008-10-25,0.0,10.684,23.16,30.36,89.3,4.0719
2008-10-26,9.114,10.565,23.63,30.61,81.47,3.7149
2008-10-27,10.323,10.139,23.61,30.18,75.96,3.4637
2008-10-28,16.541,8.607,23.74,28.78,70.45,3.2124
2008-10-29,0.0,11.575,23.86,31.89,73.64,3.3579
2008-10-30,8.942,11.536,23.44,31.55,83.21,3.7942
2008-10-31,13.325,10.622,23.7,30.81,86.4,3.9397
2008-11-01,21.439,8.121,24.51,29.01,87.56,3.9926
2008-11-02,1.908,10.515,23.8,30.82,94.88,4.3264
2008-11-03,27.478,9.521,23.72,29.75,108.8,4.9611
2008-11-04,24.234,9.713,23.7,29.94,110.6,5.0432
2008-11-05,1.561,9.507,23.59,29.67,118.2,5.3897
2008-11-06,0.0,11.708,24.03,32.32,124.3,5.6679
2008-11-07,4.071,10.765,24.97,32.07,128.2,5.8457
2008-11-08,0.0,11.125,24.88,32.4,132.9,6.06
2008-11-09,0.0,11.74,24.3,32.62,128.6,5.864
2008-11-10,0.0,10.781,24.72,31.95,121.4,5.5357
2008-11-11,0.0,11.298,24.1,32.04,102.2,4.6602
2008-11-12,0.0,9.403,24.82,30.66,70.12,3.1974
2008-11-13,0.0,9.191,24.47,30.17,50.74,2.3137
2008-11-14,13.069,8.623,24.82,29.91,42.68,1.9461
2008-11-15,11.345,8.803,23.98,29.42,38.54,1.7574
2008-11-16,10.502,9.343,24.66,30.53,34.94,1.5932
2008-11-17,6.445,10.652,23.81,31.23,33.68,1.5358
2008-11-18,23.446,9.379,24.36,30.35,33.14,1.5111
2008-11-19,15.389,8.169,24.48,29.25,35.48,1.6178
2008-11-20,35.323,9.026,23.93,29.67,39.98,1.823
2008-11-21,15.49,9.069,24.18,29.93,44.3,2.02
2008-11-22,25.737,7.163,23.64,27.61,55.8,2.5444
2008-11-23,2.256,9.681,23.77,30.25,95.1,4.3364
2008-11-24,4.803,9.731,24.15,30.62,108.8,4.9611
2008-11-25,0.0,10.194,23.96,30.98,122.1,5.5676
2008-11-26,27.542,4.979,24.56,26.58,138.4,6.3108
2008-11-27,0.0,9.07,23.28,29.28,159.5,7.273
2008-11-28,0.0,10.257,24.05,31.15,173.2,7.8977
2008-11-29,1.774,9.933,24.6,31.25,185.3,8.4494
2008-11-30,0.0,9.204,24.78,30.64,176.9,8.0664
2008-12-01,0.0,9.902,24.73,31.34,163.9,7.4736
2008-12-02,0.094,10.263,23.38,30.68,140.6,6.4111
2008-12-03,1.199,9.752,23.91,30.56,107.0,4.879
2008-12-04,2.272,10.168,24.57,31.52,64.6,2.9457
2008-12-05,0.0,10.9,22.26,30.58,49.2,2.2434
2008-12-06,0.0,10.723,22.8,30.79,41.96,1.9133
2008-12-07,23.137,7.701,23.79,28.37,36.2,1.6507
2008-12-08,21.453,9.299,23.56,29.83,32.42,1.4783
2008-12-09,0.0,8.651,23.42,29.04,32.6,1.4865
2008-12-10,0.0,8.638,23.09,28.77,32.06,1.4619
2008-12-11,0.0,10.864,23.3,31.36,30.26,1.3798
2008-12-12,0.0,10.162,23.85,31.01,28.35,1.2927
2008-12-13,0.0,9.869,22.96,30.0,26.79,1.2216
2008-12-14,0.761,10.48,23.2,30.87,25.23,1.1504
2008-12-15,0.0,12.272,22.68,32.51,24.06,1.0971
2008-12-16,0.0,12.3,22.49,32.41,30.48,1.3898
2008-12-17,0.0,11.409,22.82,31.63,21.07,0.9608
2008-12-18,0.0,11.174,22.94,31.46,19.12,0.8718
2008-12-19,0.0,12.728,21.86,32.46,17.56,0.8007
2008-12-20,0.0,10.885,23.86,31.82,16.65,0.7592
2008-12-21,0.0,10.095,23.72,30.84,16.0,0.7296
2008-12-22,0.0,10.96,24.44,32.34,16.0,0.7296
2008-12-23,0.0,12.702,23.86,33.85,16.0,0.7296
2008-12-24,0.0,11.867,23.84,32.89,16.0,0.7296
2008-12-25,0.0,10.539,23.26,30.96,16.0,0.7296
2008-12-26,0.0,12.028,23.96,33.14,16.0,0.7296
2008-12-27,0.0,12.65,23.0,33.15,15.52,0.7077
2008-12-28,0.0,13.319,23.71,34.41,14.96,0.6822
2008-12-29,0.0,13.062,23.6,34.03,14.4,0.6566
2008-12-30,0.0,12.63,24.51,34.19,14.4,0.6566
2008-12-31,0.0,10.974,25.38,33.02,14.4,0.6566
